id,category,ingredient
1,['한식'],"['딸기', '마늘', '고구마', '닭고기', '우유', '가지']"
2,"['일식', '한식']","['멸치', '고구마', '무', '베이컨', '양배추', '양파', '오징어', '가지', '오이', '두부', '당근', '마늘', '대파', '쇠고기', '시금치', '레몬', '딸기', '돼지고기', '애호박', '닭고기']"
3,"['양식', '한식']","['새우', '우유', '깻잎', '고구마', '감자', '오징어', '마늘', '가지', '딸기', '시금치', '두부']"
4,['양식'],"['양파', '닭고기', '달걀', '가지', '두부', '시금치', '생강', '새우', '대파', '애호박', '오징어', '치즈', '쪽파', '베이컨', '레몬', '멸치']"
5,"['한식', '채식', '중식']","['당근', '토마토', '파프리카', '생강']"
6,"['일식', '양식', '채식', '중식']","['당근', '파프리카', '달걀', '쪽파', '대파', '베이컨', '양파', '새우']"
7,"['일식', '채식']","['돼지고기', '새우', '딸기', '레몬', '마늘', '시금치', '닭고기', '가지', '베이컨', '오징어', '치즈', '쇠고기', '애호박', '쪽파', '양배추', '토마토', '우유', '생강', '오이', '무', '대파', '양파', '당근', '깻잎', '달걀', '멸치', '고구마']"
8,"['한식', '양식', '채식']","['대파', '딸기', '오이', '애호박', '두부']"
9,['채식'],"['고구마', '닭고기', '쇠고기', '깻잎', '당근', '우유', '베이컨', '달걀', '새우', '딸기', '마늘', '양배추', '가지', '돼지고기', '쪽파', '치즈', '대파', '시금치', '오이', '두부', '오징어', '양파']"
10,"['일식', '양식']","['양배추', '가지', '우유', '고구마', '감자', '대파', '깻잎', '달걀', '마늘', '쪽파', '무', '닭고기', '파프리카', '애호박', '레몬', '베이컨', '당근', '새우', '양파', '두부', '치즈', '오이', '멸치', '딸기', '오징어', '쇠고기', '토마토', '생강', '돼지고기', '시금치']"
11,['채식'],"['애호박', '마늘', '딸기', '쪽파', '대파', '깻잎', '양파', '시금치', '우유', '가지', '파프리카', '멸치', '레몬', '오이', '고구마', '달걀', '새우']"
12,"['채식', '한식', '중식', '일식']","['마늘', '깻잎', '당근', '고구마', '닭고기', '멸치', '감자', '돼지고기', '토마토']"
13,['한식'],"['레몬', '우유', '파프리카', '토마토', '깻잎', '마늘', '애호박', '딸기', '생강', '당근', '멸치', '가지', '닭고기', '돼지고기', '감자', '새우', '대파', '고구마', '쇠고기', '베이컨', '무']"
14,"['중식', '한식', '양식', '일식', '채식']","['토마토', '오이', '양배추', '생강', '시금치', '감자']"
15,"['일식', '한식', '중식']","['오징어', '양배추', '베이컨', '생강', '달걀', '딸기', '양파', '깻잎', '당근', '새우', '쇠고기', '돼지고기', '멸치', '감자', '대파', '우유']"
16,['양식'],"['오징어', '두부', '쪽파', '레몬', '우유', '파프리카', '생강', '무', '감자', '베이컨', '치즈', '시금치', '깻잎', '달걀', '당근', '돼지고기', '딸기', '닭고기', '애호박']"
17,"['일식', '양식', '중식', '한식']",['우유']
18,['양식'],"['깻잎', '가지', '돼지고기', '무']"
19,"['양식', '채식']",['고구마']
20,['중식'],"['당근', '무', '두부', '딸기', '닭고기', '시금치', '파프리카', '쇠고기', '레몬', '오이', '오징어', '베이컨', '감자']"
21,"['일식', '채식', '중식', '양식']","['파프리카', '대파', '멸치', '오이', '고구마', '당근', '오징어', '닭고기', '양배추', '딸기', '애호박']"
22,"['한식', '중식']","['양파', '달걀', '딸기', '대파', '토마토', '가지', '오징어', '두부', '파프리카', '베이컨', '오이', '시금치', '양배추', '닭고기']"
23,"['중식', '채식', '양식']","['멸치', '당근', '마늘']"
24,"['한식', '일식']","['오징어', '쪽파', '치즈', '새우', '닭고기', '오이', '감자', '파프리카', '양파', '가지', '두부', '양배추', '깻잎', '무', '돼지고기', '토마토', '우유', '생강', '레몬', '마늘', '베이컨', '대파', '고구마', '시금치', '멸치', '달걀']"
25,"['중식', '양식']","['마늘', '베이컨', '쇠고기', '닭고기', '가지', '고구마', '파프리카', '돼지고기', '감자', '당근', '두부']"
26,"['채식', '양식', '중식', '일식', '한식']","['치즈', '쇠고기', '토마토', '가지', '시금치', '양배추', '새우', '애호박']"
27,"['채식', '한식', '일식']","['두부', '양파', '치즈', '우유', '쪽파', '돼지고기']"
28,"['한식', '중식']","['양배추', '돼지고기']"
29,['일식'],"['가지', '우유', '치즈', '두부', '토마토', '새우', '멸치', '달걀', '닭고기', '쪽파', '감자', '오징어', '돼지고기', '양파', '베이컨', '무', '마늘', '대파', '고구마']"
30,"['한식', '양식', '중식']","['파프리카', '레몬', '달걀', '대파', '돼지고기', '양배추', '오이', '양파', '우유', '닭고기', '깻잎', '고구마', '생강', '쇠고기', '베이컨', '오징어', '마늘', '새우', '쪽파', '가지', '시금치', '두부', '감자']"
31,"['중식', '채식']","['마늘', '쇠고기', '쪽파', '감자', '토마토', '고구마', '가지', '새우', '무', '달걀', '베이컨', '닭고기', '양배추', '돼지고기', '오징어', '우유', '애호박', '오이', '두부', '깻잎', '생강', '시금치', '치즈', '딸기', '대파', '양파']"
32,"['일식', '채식', '한식', '중식', '양식']","['가지', '베이컨', '당근', '우유', '쇠고기', '양파', '레몬', '애호박', '시금치', '감자', '생강', '파프리카', '토마토', '쪽파', '딸기', '달걀', '무', '멸치', '닭고기', '마늘', '양배추', '돼지고기', '오이', '대파']"
33,"['한식', '양식']","['오징어', '새우', '베이컨', '시금치', '치즈', '감자', '돼지고기', '깻잎', '토마토', '고구마', '생강', '두부', '마늘', '양배추', '가지', '대파', '무', '오이', '레몬', '파프리카']"
34,"['양식', '일식', '한식', '채식', '중식']","['양배추', '돼지고기', '가지', '대파', '닭고기', '딸기', '애호박', '베이컨', '마늘', '오이', '고구마', '양파', '감자', '우유', '파프리카', '생강', '달걀', '두부', '오징어', '쇠고기', '멸치', '무', '당근', '레몬']"
35,"['한식', '채식', '중식']","['마늘', '쪽파', '양파', '두부', '파프리카', '우유', '가지', '딸기', '감자', '깻잎', '닭고기', '시금치', '베이컨', '오징어', '돼지고기', '새우', '토마토', '쇠고기']"
36,"['중식', '일식', '한식', '채식', '양식']","['돼지고기', '베이컨', '두부', '깻잎', '파프리카', '레몬', '마늘', '새우', '시금치', '무', '토마토', '오이', '고구마', '쇠고기', '생강', '당근', '치즈', '우유', '쪽파', '양파', '멸치', '딸기', '오징어', '닭고기', '대파', '달걀', '애호박', '양배추']"
37,['중식'],"['오징어', '베이컨', '쇠고기', '양배추', '토마토', '새우', '딸기', '멸치', '가지']"
38,"['양식', '일식', '한식', '중식', '채식']","['파프리카', '무', '베이컨', '오징어', '생강', '감자', '오이', '멸치', '양배추', '쇠고기', '두부']"
39,['양식'],"['베이컨', '양배추', '치즈', '시금치']"
40,"['일식', '채식', '한식', '양식', '중식']","['오이', '달걀', '두부', '새우', '감자', '대파', '토마토', '베이컨', '생강', '양배추', '돼지고기', '마늘', '쇠고기', '딸기', '고구마']"
41,['한식'],"['오징어', '양파']"
42,['채식'],"['무', '치즈', '양파', '대파', '파프리카', '오징어', '생강', '시금치', '깻잎', '우유', '감자', '새우', '당근', '토마토', '돼지고기', '베이컨', '오이', '고구마', '멸치', '레몬']"
43,['양식'],"['달걀', '양배추', '애호박', '돼지고기', '오징어', '마늘', '깻잎', '딸기', '고구마', '파프리카', '멸치', '양파', '새우', '베이컨', '닭고기', '레몬', '생강', '감자', '우유', '무', '가지', '토마토', '두부']"
44,['한식'],"['닭고기', '치즈', '파프리카', '딸기', '두부', '오이', '우유', '새우', '생강', '애호박', '마늘', '멸치', '무', '양배추', '베이컨', '토마토', '레몬', '대파', '시금치', '깻잎', '양파', '돼지고기', '고구마', '달걀', '당근', '가지', '감자']"
45,"['양식', '한식', '중식', '일식']","['무', '생강', '가지']"
46,"['양식', '한식', '중식', '일식']","['애호박', '양배추', '베이컨', '돼지고기', '닭고기', '고구마', '딸기', '가지', '새우', '오징어', '멸치', '무', '오이', '당근', '치즈']"
47,"['일식', '한식', '중식', '채식', '양식']","['오징어', '닭고기', '무', '멸치', '돼지고기', '시금치', '오이', '레몬']"
48,"['채식', '일식']","['우유', '쇠고기', '토마토', '감자', '마늘', '무', '치즈', '양파', '레몬', '달걀', '딸기', '베이컨', '오징어', '돼지고기', '시금치', '애호박', '쪽파', '가지', '대파', '생강', '멸치', '양배추', '닭고기', '오이', '새우', '깻잎', '고구마', '두부']"
49,"['양식', '채식', '일식', '한식']","['감자', '새우', '파프리카', '오징어', '달걀', '두부', '돼지고기', '대파', '생강', '우유', '닭고기', '쇠고기', '애호박']"
50,"['양식', '채식', '일식', '한식']","['파프리카', '양파', '달걀', '우유', '오이', '멸치', '레몬', '치즈', '딸기', '당근', '오징어', '깻잎', '두부', '마늘', '가지', '대파', '감자', '무', '베이컨', '새우', '닭고기', '토마토', '쪽파']"
51,['양식'],"['감자', '당근', '파프리카', '무', '고구마', '시금치', '새우', '양배추', '마늘', '두부', '애호박', '생강', '오징어', '토마토', '오이', '쪽파', '달걀', '깻잎', '가지', '양파', '우유', '돼지고기', '레몬', '닭고기', '멸치']"
52,"['중식', '일식', '양식']","['우유', '두부', '시금치', '감자', '돼지고기', '양파', '베이컨', '새우', '고구마', '깻잎', '생강', '닭고기', '마늘', '멸치', '오이', '토마토', '대파', '치즈', '쇠고기', '레몬', '가지', '딸기', '오징어', '쪽파']"
53,"['중식', '일식', '양식', '채식']","['오이', '당근', '우유', '대파', '고구마', '치즈', '레몬', '시금치', '딸기', '멸치', '파프리카', '애호박', '양배추', '베이컨', '오징어', '무', '마늘', '새우', '쇠고기', '토마토', '생강', '깻잎', '감자', '양파']"
54,['일식'],"['시금치', '오이', '쇠고기']"
55,"['중식', '양식', '채식', '한식', '일식']","['무', '파프리카', '레몬', '멸치', '가지']"
56,"['한식', '양식', '중식', '일식']","['베이컨', '양배추', '우유', '가지', '파프리카', '오징어', '양파', '무', '달걀', '돼지고기', '딸기', '깻잎', '시금치', '토마토', '생강', '대파', '치즈', '새우', '오이', '레몬', '쪽파', '감자', '멸치', '애호박', '마늘', '닭고기', '쇠고기', '고구마', '당근', '두부']"
57,"['한식', '중식']","['멸치', '우유', '가지', '파프리카', '깻잎', '닭고기', '양배추', '토마토', '딸기', '레몬', '새우', '쇠고기', '대파', '당근', '오이', '쪽파']"
58,"['채식', '일식', '한식', '양식']","['당근', '두부', '치즈', '레몬', '쇠고기', '무', '양파', '새우', '시금치', '토마토', '마늘', '멸치']"
59,"['한식', '채식']","['쪽파', '딸기', '오이', '양배추', '감자', '돼지고기', '애호박', '생강', '당근', '오징어', '우유', '쇠고기', '레몬', '마늘', '베이컨']"
60,"['채식', '양식']","['치즈', '애호박', '달걀']"
61,"['일식', '한식']","['베이컨', '두부', '쪽파', '치즈', '깻잎', '돼지고기']"
62,"['양식', '중식', '채식', '일식', '한식']","['고구마', '베이컨', '쪽파', '멸치', '치즈', '레몬', '생강', '달걀', '돼지고기', '토마토', '가지', '쇠고기', '파프리카', '오징어', '대파', '닭고기', '무']"
63,"['일식', '양식']","['양파', '양배추', '두부', '치즈', '오이', '쪽파', '새우', '가지', '감자', '고구마', '닭고기', '쇠고기', '레몬', '베이컨', '달걀', '마늘', '시금치', '깻잎', '우유', '대파', '애호박', '멸치', '오징어', '당근', '토마토', '무', '생강']"
64,"['한식', '양식']","['감자', '대파', '멸치', '새우', '애호박', '파프리카', '오이', '레몬', '생강', '시금치', '딸기', '깻잎', '쇠고기', '당근', '마늘', '양파', '닭고기', '우유', '양배추', '고구마', '쪽파', '무', '두부', '오징어']"
65,"['양식', '일식', '한식', '중식']","['양배추', '생강', '깻잎', '쇠고기', '새우', '무']"
66,['채식'],"['새우', '오이', '쇠고기']"
67,"['한식', '일식', '중식', '채식', '양식']","['감자', '애호박', '오이', '달걀', '쇠고기', '마늘', '당근', '레몬', '무', '고구마', '쪽파', '시금치', '닭고기', '토마토', '생강', '오징어', '파프리카', '가지', '치즈', '우유', '새우']"
68,"['한식', '양식', '채식']","['우유', '오징어', '토마토', '치즈', '무', '두부', '깻잎', '애호박', '마늘', '시금치', '파프리카', '쇠고기', '돼지고기', '오이', '쪽파', '가지', '멸치', '당근', '감자', '레몬', '새우']"
69,"['한식', '양식', '채식', '중식', '일식']",['레몬']
70,"['양식', '한식', '일식', '채식', '중식']","['감자', '닭고기', '양배추', '고구마', '생강', '깻잎', '딸기', '마늘', '가지', '무', '치즈', '오징어', '돼지고기', '파프리카', '시금치', '두부']"
71,['양식'],"['닭고기', '가지', '달걀', '당근', '새우', '토마토', '생강']"
72,"['중식', '일식', '채식']","['베이컨', '딸기', '마늘', '파프리카', '당근', '감자', '양파', '멸치', '새우', '닭고기']"
73,"['중식', '일식', '한식']","['치즈', '쇠고기', '새우', '쪽파', '당근', '생강', '닭고기', '마늘', '우유', '달걀']"
74,['양식'],"['두부', '무', '마늘', '애호박', '시금치', '쪽파', '쇠고기', '고구마', '감자', '대파', '달걀', '파프리카', '토마토', '오이', '오징어', '생강', '딸기', '레몬', '베이컨', '가지', '새우', '멸치', '양배추', '돼지고기', '닭고기', '우유', '깻잎', '치즈']"
75,['중식'],"['레몬', '양배추', '시금치', '새우', '딸기', '무', '닭고기', '돼지고기']"
76,"['일식', '양식']","['레몬', '토마토', '대파', '무', '딸기', '오징어', '생강']"
77,"['양식', '일식']","['대파', '양파', '생강', '시금치', '오이', '레몬', '감자', '달걀', '가지', '쇠고기', '딸기', '우유', '돼지고기', '파프리카', '치즈', '두부', '베이컨', '양배추', '깻잎', '당근', '쪽파']"
78,"['채식', '일식', '한식']","['당근', '두부', '토마토', '감자', '멸치', '우유', '마늘', '닭고기', '돼지고기', '가지', '깻잎']"
79,"['한식', '중식', '일식']",['생강']
80,"['중식', '일식']","['레몬', '멸치', '감자', '양파', '베이컨', '새우', '오이', '당근', '쪽파', '양배추', '오징어', '대파', '닭고기', '딸기', '치즈', '마늘']"
81,"['일식', '양식', '중식']","['쇠고기', '애호박', '당근', '베이컨', '깻잎', '감자', '토마토', '시금치', '달걀', '새우', '돼지고기', '마늘', '고구마', '치즈', '멸치', '쪽파', '우유', '양파', '두부', '양배추', '생강']"
82,"['한식', '중식', '채식', '일식', '양식']","['오이', '마늘', '돼지고기', '멸치', '레몬', '대파', '생강', '토마토', '새우', '쇠고기', '양배추', '베이컨', '감자', '애호박', '달걀', '오징어', '양파', '닭고기', '딸기', '치즈', '두부', '가지', '파프리카', '시금치', '당근', '깻잎', '쪽파', '무', '고구마']"
83,"['중식', '양식', '채식', '일식']","['새우', '당근', '가지', '시금치', '감자', '고구마', '양파', '오이', '달걀', '베이컨', '무', '우유']"
84,"['중식', '한식', '채식', '양식']","['딸기', '베이컨', '마늘', '쪽파', '레몬', '닭고기', '양파', '토마토', '당근', '오이', '두부', '달걀']"
85,"['양식', '한식', '채식']","['파프리카', '감자', '레몬', '애호박', '멸치', '깻잎', '고구마', '대파', '새우', '달걀', '쪽파', '양배추', '쇠고기', '오이', '무', '베이컨', '가지', '마늘', '시금치', '양파', '당근', '치즈', '오징어', '닭고기', '생강', '두부', '딸기']"
86,"['한식', '채식', '중식', '일식', '양식']","['돼지고기', '애호박', '새우', '깻잎', '딸기', '오징어']"
87,"['양식', '일식', '채식', '한식']","['치즈', '오징어', '당근', '양배추', '쇠고기', '시금치', '닭고기', '달걀', '깻잎', '고구마', '생강', '무', '쪽파', '대파', '베이컨', '감자', '오이', '돼지고기', '우유']"
88,"['채식', '중식']","['멸치', '쪽파', '고구마', '새우', '양파', '치즈', '애호박', '닭고기', '양배추', '깻잎', '마늘', '달걀', '토마토', '당근']"
89,"['일식', '한식', '채식', '양식']","['쇠고기', '딸기', '가지', '두부', '생강', '멸치', '고구마', '레몬', '양파', '치즈', '돼지고기', '파프리카', '토마토', '오이', '애호박', '양배추', '당근']"
90,"['채식', '중식']","['베이컨', '감자', '대파', '돼지고기', '양파', '무', '당근', '닭고기', '쪽파', '생강', '마늘', '두부', '새우', '고구마', '오이', '가지', '치즈']"
91,"['채식', '일식']","['우유', '베이컨', '토마토', '생강', '오이', '애호박', '치즈', '깻잎', '무', '새우', '달걀', '당근', '두부', '고구마', '닭고기', '파프리카', '레몬', '대파', '멸치', '양배추', '가지', '마늘', '쇠고기', '양파']"
92,"['채식', '한식', '양식', '일식']","['달걀', '양파', '오징어', '닭고기', '쪽파', '오이', '돼지고기']"
93,"['양식', '채식', '한식', '중식', '일식']","['당근', '쪽파', '고구마', '두부', '무', '달걀', '애호박', '베이컨', '쇠고기', '파프리카', '양파', '마늘', '레몬', '양배추', '가지', '닭고기', '감자', '토마토', '딸기', '생강', '시금치', '치즈', '멸치', '대파', '오징어', '깻잎', '새우']"
94,['한식'],"['쪽파', '돼지고기', '딸기', '마늘', '가지', '달걀', '오이', '토마토', '시금치', '깻잎', '오징어', '새우', '감자', '생강', '애호박', '두부', '양파', '쇠고기', '우유', '양배추', '베이컨', '닭고기']"
95,"['중식', '한식', '채식', '일식', '양식']","['닭고기', '레몬', '베이컨', '멸치', '양파', '고구마', '오징어']"
96,"['양식', '중식', '한식']","['레몬', '대파', '우유', '토마토', '마늘', '쇠고기', '감자', '무', '가지', '생강', '쪽파', '베이컨', '닭고기', '양배추']"
97,"['중식', '채식', '한식', '일식']","['새우', '레몬', '가지', '치즈', '딸기', '멸치', '감자', '두부', '대파', '양배추', '깻잎', '오징어', '쪽파', '토마토', '우유', '베이컨', '당근', '오이', '닭고기', '쇠고기', '고구마', '양파', '달걀', '돼지고기']"
98,['중식'],"['시금치', '멸치', '감자', '달걀', '치즈', '새우']"
99,"['중식', '양식', '한식']","['감자', '새우', '가지', '쇠고기', '대파', '고구마', '당근', '치즈', '깻잎', '양배추', '애호박', '쪽파', '베이컨']"
100,"['채식', '일식']","['오이', '가지', '파프리카', '두부', '깻잎', '무', '레몬', '당근', '치즈', '쪽파', '오징어', '대파', '애호박', '멸치', '새우', '베이컨', '달걀', '시금치', '양배추', '쇠고기', '생강', '토마토', '닭고기', '양파', '마늘', '우유', '딸기', '돼지고기', '고구마', '감자']"
101,['채식'],"['대파', '감자', '달걀', '토마토', '오이', '당근', '시금치', '멸치', '새우', '딸기', '고구마', '양파', '두부', '치즈', '베이컨', '우유', '가지', '레몬', '마늘', '돼지고기', '오징어', '양배추', '깻잎', '애호박']"
102,['일식'],"['쇠고기', '무', '대파', '쪽파', '마늘', '돼지고기', '베이컨', '새우', '양파', '오이', '애호박', '두부', '파프리카', '시금치', '치즈', '깻잎', '토마토', '달걀', '당근']"
103,"['한식', '일식', '양식', '채식', '중식']","['오이', '두부', '양파', '파프리카', '새우', '달걀']"
104,"['양식', '중식', '채식']","['생강', '대파', '레몬', '애호박', '시금치', '베이컨', '우유', '파프리카', '당근', '무', '달걀', '두부', '토마토', '가지', '양배추', '딸기', '쪽파', '감자', '치즈', '깻잎', '양파', '고구마', '마늘', '쇠고기', '새우', '오이', '닭고기', '멸치', '오징어']"
105,['양식'],"['멸치', '오징어']"
106,"['중식', '양식', '채식']","['당근', '딸기', '가지', '감자', '두부', '쪽파', '애호박']"
107,['중식'],"['양배추', '딸기', '당근', '레몬', '멸치', '두부', '치즈', '생강', '베이컨', '쪽파', '감자', '시금치', '고구마', '토마토', '대파', '쇠고기', '양파', '파프리카', '우유', '오이']"
108,"['한식', '일식']","['대파', '달걀', '시금치', '가지', '파프리카', '토마토', '오징어', '무', '마늘']"
109,['중식'],"['쪽파', '생강', '쇠고기', '베이컨', '감자', '무', '깻잎', '닭고기']"
110,['중식'],"['베이컨', '두부', '딸기', '새우', '치즈', '양파', '오징어', '파프리카', '토마토', '깻잎', '감자', '대파', '양배추', '애호박', '시금치', '무', '쪽파', '우유', '당근', '가지', '닭고기', '쇠고기', '고구마', '멸치']"
111,"['중식', '한식', '일식', '채식']","['양파', '토마토', '우유', '시금치', '감자', '딸기', '대파', '레몬', '당근', '마늘', '베이컨', '파프리카', '멸치', '쇠고기', '달걀', '깻잎', '고구마', '오징어', '가지', '돼지고기', '쪽파']"
112,['중식'],"['딸기', '시금치', '쪽파', '깻잎', '멸치', '쇠고기', '대파', '돼지고기', '마늘', '당근', '치즈', '새우', '오징어', '애호박', '생강', '가지', '우유', '베이컨', '양배추', '파프리카', '무', '고구마', '닭고기', '달걀']"
113,"['양식', '한식', '채식']","['오이', '쇠고기', '두부', '고구마', '대파', '달걀', '양파', '딸기', '양배추', '토마토', '마늘', '시금치', '애호박']"
114,"['양식', '중식', '한식', '채식', '일식']",['두부']
115,"['채식', '한식', '중식']","['감자', '양파', '오징어', '깻잎', '쪽파', '레몬']"
116,"['채식', '한식', '양식', '중식']","['시금치', '당근', '대파', '닭고기', '양파', '치즈', '쪽파', '애호박', '베이컨', '멸치', '우유', '쇠고기', '오징어', '마늘', '생강', '깻잎', '달걀']"
117,"['일식', '한식', '채식', '중식', '양식']","['토마토', '새우', '시금치', '닭고기', '양파', '무', '돼지고기', '양배추', '우유', '두부', '베이컨', '달걀', '당근', '오징어', '오이', '고구마', '깻잎', '레몬', '쪽파', '치즈', '멸치', '감자', '생강', '마늘']"
118,"['양식', '일식']","['멸치', '애호박', '생강', '토마토', '우유', '베이컨', '가지', '시금치', '새우', '무', '오이', '쪽파', '달걀', '고구마', '두부', '닭고기', '감자', '치즈', '당근', '레몬', '양배추', '깻잎']"
119,"['채식', '일식', '한식']","['베이컨', '대파', '두부', '고구마', '치즈', '양파', '양배추', '가지', '닭고기', '쪽파', '딸기', '오징어', '쇠고기', '오이', '애호박', '멸치', '당근', '달걀', '새우', '마늘', '시금치', '우유', '무', '돼지고기', '토마토', '파프리카', '감자', '생강']"
120,"['양식', '채식', '중식']","['양배추', '쪽파', '가지', '깻잎', '새우', '오징어', '쇠고기', '애호박', '치즈', '오이', '파프리카']"
121,"['양식', '중식']","['딸기', '두부', '돼지고기', '당근', '베이컨', '우유', '애호박', '감자', '파프리카', '무', '오징어', '새우', '고구마', '달걀', '양파', '가지']"
122,"['양식', '한식', '채식']","['새우', '깻잎', '레몬']"
123,"['중식', '채식', '양식']","['무', '감자', '파프리카', '치즈', '베이컨', '당근', '쪽파', '멸치', '달걀', '오징어', '우유', '고구마', '가지', '딸기', '레몬', '쇠고기', '시금치', '새우', '닭고기', '두부', '오이', '생강', '깻잎', '대파', '양파', '양배추', '토마토', '마늘', '돼지고기']"
124,"['채식', '양식', '일식']","['마늘', '두부', '깻잎', '애호박', '무', '베이컨', '생강', '우유', '새우', '오징어', '양배추', '딸기', '고구마', '멸치', '돼지고기', '오이']"
125,"['한식', '중식', '채식', '일식']","['닭고기', '생강', '시금치', '쇠고기', '우유', '오이', '돼지고기', '레몬', '고구마', '달걀', '딸기', '토마토', '오징어', '양파', '두부', '당근', '쪽파', '마늘', '양배추', '무']"
126,"['일식', '채식', '양식', '중식', '한식']","['마늘', '고구마', '대파', '딸기', '베이컨']"
127,"['일식', '양식', '중식', '채식', '한식']",['두부']
128,"['채식', '중식']",['치즈']
129,['중식'],"['우유', '딸기', '새우', '마늘', '베이컨', '당근', '감자', '무', '돼지고기', '오이', '생강']"
130,"['양식', '일식', '한식']","['애호박', '쇠고기', '달걀', '가지', '시금치', '닭고기', '돼지고기', '레몬', '양배추', '오징어', '고구마', '딸기', '베이컨', '멸치', '토마토', '마늘', '감자']"
131,"['중식', '한식', '채식', '양식']","['파프리카', '양파', '베이컨', '생강', '달걀', '애호박', '레몬', '딸기', '무', '토마토', '시금치', '감자', '쇠고기', '고구마', '대파', '쪽파', '돼지고기', '오이', '멸치', '오징어', '당근', '깻잎']"
132,"['중식', '일식']","['레몬', '당근', '깻잎', '쪽파', '생강', '애호박', '돼지고기']"
133,"['양식', '일식', '한식']","['감자', '멸치', '깻잎', '당근', '쪽파']"
134,"['중식', '한식', '일식', '양식', '채식']","['깻잎', '돼지고기']"
135,"['채식', '일식', '중식']","['돼지고기', '가지', '딸기', '쇠고기', '생강', '감자', '베이컨', '레몬', '달걀', '무', '오이', '파프리카', '마늘', '쪽파', '토마토']"
136,"['한식', '중식', '채식', '일식']","['무', '닭고기', '쇠고기', '파프리카', '치즈', '토마토', '두부', '깻잎', '오징어', '감자', '시금치', '우유', '마늘', '가지', '쪽파', '멸치', '오이']"
137,"['채식', '한식', '양식']","['가지', '감자', '쇠고기', '오이', '오징어', '애호박', '딸기', '생강']"
138,"['중식', '양식', '채식']","['애호박', '닭고기', '치즈', '쇠고기', '시금치', '파프리카', '돼지고기', '딸기', '깻잎', '대파', '멸치', '쪽파', '새우', '감자', '오이', '두부', '가지', '당근', '토마토', '고구마', '우유']"
139,['일식'],['멸치']
140,"['한식', '일식', '채식']","['멸치', '당근', '쪽파', '오이', '두부', '파프리카', '닭고기', '베이컨', '가지', '토마토', '시금치', '치즈', '무', '쇠고기', '생강', '오징어', '양파', '레몬']"
141,"['양식', '중식', '한식']","['오이', '가지', '쇠고기', '시금치', '생강', '달걀', '두부', '마늘', '무', '치즈', '애호박', '양파', '베이컨', '닭고기', '고구마', '양배추', '우유', '깻잎', '딸기', '새우']"
142,"['양식', '일식', '중식', '채식', '한식']","['감자', '무', '새우', '가지', '대파', '베이컨', '양파', '쪽파', '생강', '닭고기', '토마토', '오징어', '치즈', '애호박', '파프리카', '고구마', '멸치', '양배추', '쇠고기', '우유', '마늘', '레몬', '두부']"
143,"['중식', '양식']","['닭고기', '새우', '딸기', '돼지고기', '가지', '치즈', '당근', '달걀', '시금치']"
144,"['양식', '채식', '중식', '한식', '일식']",['마늘']
145,"['채식', '한식', '양식']","['토마토', '양배추', '닭고기', '새우', '우유', '치즈', '돼지고기', '쪽파', '오이', '생강', '고구마', '오징어', '멸치', '시금치', '가지', '베이컨']"
146,"['채식', '일식', '한식']","['두부', '양파', '파프리카', '오이', '베이컨', '달걀', '가지']"
147,"['중식', '일식', '채식']","['멸치', '레몬', '양파', '깻잎', '고구마', '두부', '대파', '오징어', '치즈', '베이컨', '새우', '감자', '달걀', '시금치', '무', '닭고기', '딸기', '우유', '쪽파', '쇠고기', '토마토']"
148,"['중식', '일식', '채식', '한식', '양식']","['쇠고기', '고구마', '새우', '돼지고기', '마늘', '당근', '무', '가지', '파프리카', '양파', '애호박', '두부', '깻잎', '오이', '쪽파', '생강', '토마토', '양배추', '대파', '달걀']"
149,"['중식', '채식']","['돼지고기', '고구마', '닭고기', '양배추', '생강', '가지', '토마토', '베이컨', '애호박', '당근', '레몬', '달걀', '파프리카', '마늘', '쪽파', '시금치', '오이', '우유', '딸기']"
150,"['한식', '일식']","['양파', '양배추', '우유', '레몬', '대파', '달걀', '쪽파', '딸기', '오징어', '고구마', '베이컨', '새우', '깻잎', '무', '파프리카', '애호박', '오이', '마늘', '생강', '토마토', '닭고기', '당근', '시금치', '감자', '치즈', '멸치', '가지', '돼지고기', '쇠고기']"
151,"['한식', '일식', '채식']","['오징어', '우유', '레몬', '토마토', '고구마', '닭고기', '쇠고기', '베이컨', '대파', '오이', '시금치', '양파', '두부', '생강', '가지', '새우', '파프리카', '딸기', '달걀', '깻잎', '양배추', '멸치', '무', '치즈', '쪽파', '마늘', '돼지고기', '애호박', '감자', '당근']"
152,"['일식', '중식']","['새우', '레몬', '양파', '마늘', '우유', '쪽파', '애호박', '무', '깻잎', '돼지고기', '가지', '생강', '베이컨']"
153,"['일식', '한식', '채식', '양식']","['생강', '마늘', '우유', '감자', '쇠고기']"
154,"['한식', '중식', '일식', '양식', '채식']","['파프리카', '쪽파', '애호박', '치즈', '딸기', '돼지고기', '베이컨', '고구마', '마늘', '시금치', '감자', '오징어', '깻잎', '당근', '닭고기', '양배추', '오이', '토마토', '무', '쇠고기', '새우', '달걀', '두부', '레몬', '양파', '가지', '우유', '생강', '대파', '멸치']"
155,['중식'],"['양배추', '무', '양파', '쇠고기', '감자', '가지', '멸치', '애호박', '쪽파', '달걀', '우유', '닭고기', '당근', '오징어', '두부', '토마토']"
156,"['일식', '양식', '채식', '중식', '한식']","['양배추', '시금치', '돼지고기', '깻잎', '레몬', '마늘', '생강', '멸치', '당근', '양파', '오이', '베이컨', '오징어', '딸기', '닭고기', '감자', '쪽파', '파프리카', '쇠고기', '고구마', '가지', '달걀', '치즈', '두부', '대파', '무', '애호박', '우유', '새우', '토마토']"
157,"['일식', '중식', '양식']",['베이컨']
158,['양식'],"['양파', '고구마', '마늘', '쇠고기', '새우', '멸치', '돼지고기', '생강', '오징어', '시금치', '두부', '베이컨']"
159,"['한식', '양식', '채식', '일식']","['대파', '레몬', '베이컨', '멸치']"
160,"['한식', '양식']","['생강', '토마토', '대파', '달걀', '쪽파']"
161,"['양식', '중식', '일식']","['시금치', '양파', '당근', '양배추', '고구마', '오이', '딸기', '돼지고기', '새우', '대파', '달걀', '깻잎', '치즈', '오징어', '두부', '쪽파', '토마토', '파프리카', '멸치', '무', '쇠고기', '감자', '닭고기', '마늘', '가지', '애호박']"
162,"['한식', '중식', '채식']","['달걀', '무', '멸치', '시금치', '딸기', '대파', '새우', '당근', '돼지고기', '애호박', '감자', '치즈']"
163,['중식'],"['대파', '고구마', '양파', '양배추', '딸기', '두부', '당근', '쇠고기']"
164,"['채식', '일식']","['딸기', '닭고기', '두부', '오이', '가지', '대파', '마늘', '시금치', '우유', '무', '멸치', '레몬', '당근', '고구마', '쇠고기', '파프리카', '애호박', '양파', '생강', '새우', '양배추', '오징어']"
165,"['채식', '중식']","['베이컨', '두부']"
166,['중식'],"['딸기', '오징어', '쪽파', '오이', '양파', '쇠고기', '새우', '당근', '무', '감자', '우유', '달걀', '레몬', '돼지고기', '닭고기', '멸치', '치즈', '생강', '베이컨', '애호박', '파프리카']"
167,"['한식', '일식', '양식']","['양파', '애호박', '오이', '당근', '대파', '달걀', '두부', '양배추', '고구마', '시금치', '생강', '닭고기', '감자', '무', '파프리카', '깻잎', '돼지고기', '레몬', '오징어', '가지', '토마토', '새우', '쪽파', '딸기', '마늘', '멸치', '치즈', '우유', '쇠고기', '베이컨']"
168,"['일식', '중식', '한식']","['오이', '애호박', '대파']"
169,"['양식', '채식', '한식']","['베이컨', '멸치', '쇠고기', '당근', '치즈', '우유', '두부', '달걀', '가지', '오징어', '레몬', '감자', '오이', '토마토', '애호박', '새우', '시금치', '깻잎', '양파', '대파', '돼지고기', '파프리카', '양배추', '닭고기', '마늘', '딸기', '고구마', '생강']"
170,"['일식', '채식', '한식', '양식', '중식']","['쇠고기', '마늘', '대파', '감자', '새우', '무', '우유', '달걀', '닭고기', '치즈', '가지', '오징어', '멸치', '토마토', '두부', '오이', '레몬', '애호박', '당근', '깻잎', '양배추', '양파', '시금치', '파프리카', '딸기', '돼지고기']"
171,"['채식', '한식', '양식', '일식']","['당근', '양배추', '생강', '돼지고기', '깻잎', '시금치', '오징어', '대파']"
172,['일식'],"['마늘', '고구마', '생강', '당근', '쇠고기', '우유', '새우', '애호박', '양배추', '딸기', '토마토', '돼지고기', '감자', '멸치', '치즈', '두부', '무', '대파', '시금치', '오징어']"
173,['양식'],"['베이컨', '오이', '쇠고기', '새우', '오징어', '닭고기', '깻잎', '파프리카', '토마토', '시금치', '당근', '두부', '쪽파', '가지', '양파', '고구마', '생강', '무', '딸기', '대파', '레몬', '돼지고기', '양배추', '멸치', '마늘', '애호박', '달걀']"
174,"['일식', '한식', '중식', '채식']","['시금치', '감자', '레몬', '애호박', '양배추', '깻잎', '마늘', '가지', '토마토', '우유', '무', '양파', '멸치', '달걀', '고구마', '오징어', '치즈', '베이컨', '쪽파', '딸기', '닭고기', '생강', '쇠고기', '당근']"
175,"['중식', '일식', '채식', '한식', '양식']","['멸치', '닭고기', '당근', '대파', '시금치', '고구마', '치즈', '양배추', '가지', '양파', '오이', '토마토', '감자', '무', '우유', '레몬', '딸기', '쇠고기', '파프리카']"
176,"['한식', '일식']","['쇠고기', '새우', '애호박', '쪽파', '우유', '돼지고기', '레몬', '파프리카', '마늘', '대파', '닭고기', '토마토', '깻잎', '당근', '시금치', '감자', '양배추', '치즈', '달걀', '오징어', '딸기', '고구마']"
177,"['일식', '양식', '한식', '중식', '채식']","['두부', '쇠고기', '달걀', '시금치', '쪽파', '딸기', '베이컨', '닭고기', '무', '새우', '파프리카', '토마토', '치즈', '멸치', '양파']"
178,"['양식', '일식', '한식', '중식', '채식']","['닭고기', '감자', '쪽파', '생강', '파프리카', '양파', '당근', '달걀', '오징어', '고구마', '무', '대파', '마늘', '치즈', '가지']"
179,['일식'],"['당근', '파프리카', '쇠고기', '양배추', '깻잎', '두부', '대파', '우유', '가지', '쪽파', '레몬', '양파']"
180,"['채식', '일식']","['가지', '레몬', '깻잎', '달걀', '마늘']"
181,['채식'],"['시금치', '쇠고기', '생강', '멸치', '오징어', '달걀', '우유', '깻잎', '가지', '딸기', '새우', '당근', '돼지고기', '양배추', '오이', '고구마', '마늘', '양파', '쪽파', '레몬', '두부', '치즈', '애호박', '파프리카']"
182,"['양식', '채식', '중식', '한식']","['고구마', '오징어', '오이', '무', '쪽파', '치즈', '베이컨', '가지', '우유', '애호박', '딸기', '양배추', '깻잎', '생강', '레몬']"
183,"['일식', '한식', '중식', '양식']","['새우', '우유', '무', '딸기', '대파', '양배추', '생강', '오징어', '마늘', '당근']"
184,"['한식', '채식']","['무', '시금치', '오이', '닭고기', '토마토', '양파', '우유', '마늘', '고구마', '양배추']"
185,"['중식', '채식', '일식', '한식', '양식']","['닭고기', '양배추', '치즈']"
186,"['채식', '중식', '양식']","['대파', '양배추', '돼지고기', '파프리카']"
187,"['중식', '채식', '한식', '양식']","['쪽파', '돼지고기', '애호박', '대파', '새우', '두부', '베이컨', '우유', '마늘', '토마토', '오징어', '양배추', '고구마', '파프리카', '당근', '생강', '딸기', '멸치', '감자', '깻잎', '치즈']"
188,['양식'],"['오징어', '양배추', '애호박', '고구마', '딸기', '치즈', '두부', '당근', '가지', '토마토', '레몬', '쪽파', '우유', '새우', '돼지고기', '오이', '쇠고기', '멸치', '깻잎']"
189,"['일식', '한식']","['시금치', '닭고기', '마늘', '우유', '가지', '베이컨', '감자', '깻잎', '치즈', '달걀', '고구마', '파프리카', '토마토', '생강', '레몬', '쇠고기', '애호박', '대파', '양배추', '당근', '무', '멸치', '오이', '두부', '오징어', '딸기']"
190,['일식'],"['파프리카', '레몬', '쇠고기', '돼지고기', '감자', '닭고기', '베이컨', '대파', '깻잎', '양파', '오징어', '마늘', '쪽파', '치즈', '토마토', '당근']"
191,['중식'],"['양파', '당근', '오이', '감자', '대파']"
192,"['양식', '중식', '일식']","['돼지고기', '우유', '가지', '무', '깻잎', '파프리카', '쪽파', '감자', '고구마', '닭고기', '멸치', '당근', '양배추', '오징어', '새우', '양파', '치즈', '마늘', '딸기', '생강', '레몬', '베이컨', '달걀', '토마토', '애호박', '대파', '쇠고기', '시금치']"
193,"['채식', '한식', '일식', '중식', '양식']","['시금치', '양파', '새우', '대파', '가지', '쪽파', '고구마', '딸기', '레몬', '생강', '치즈', '토마토', '우유', '쇠고기', '당근', '베이컨', '깻잎', '오이', '돼지고기', '감자', '멸치', '달걀', '두부', '마늘', '양배추']"
194,"['일식', '채식']","['달걀', '돼지고기', '시금치', '고구마', '파프리카', '치즈', '양배추']"
195,"['한식', '일식', '중식', '양식', '채식']","['두부', '고구마', '쪽파', '새우', '쇠고기', '우유', '파프리카', '오이', '생강', '레몬', '토마토', '감자']"
196,"['일식', '양식']","['깻잎', '생강', '달걀', '딸기', '고구마', '애호박', '새우', '대파', '가지', '베이컨', '토마토']"
197,"['중식', '한식', '양식']","['멸치', '애호박', '달걀', '토마토', '돼지고기', '쪽파', '시금치', '두부', '오징어', '레몬', '양배추', '닭고기', '생강', '베이컨', '당근', '대파', '무', '치즈', '양파', '고구마', '새우', '가지', '우유', '오이', '쇠고기', '딸기']"
198,"['양식', '중식', '한식', '채식', '일식']","['깻잎', '애호박', '새우', '오징어', '달걀', '우유', '쪽파', '대파', '치즈', '고구마', '시금치', '오이', '베이컨', '가지', '딸기', '감자', '당근', '쇠고기', '파프리카', '무', '마늘', '레몬', '양배추', '토마토', '생강', '멸치', '돼지고기', '닭고기']"
199,"['양식', '한식', '일식', '중식']","['무', '딸기', '우유', '양파', '닭고기', '시금치', '레몬', '돼지고기', '쪽파', '치즈', '두부', '감자', '양배추']"
200,"['한식', '중식', '일식']","['두부', '토마토', '오이', '무']"
201,"['채식', '한식', '일식', '양식', '중식']","['양파', '베이컨', '쇠고기', '무', '시금치', '애호박', '파프리카', '달걀', '감자', '치즈', '두부', '돼지고기', '레몬', '멸치', '쪽파', '토마토', '오징어', '양배추', '딸기', '마늘', '깻잎', '당근', '우유', '새우', '오이', '닭고기', '생강', '가지']"
202,"['일식', '한식']","['가지', '감자', '달걀', '오이', '양배추', '레몬', '깻잎', '양파', '생강', '고구마', '대파', '쪽파', '마늘', '무']"
203,"['양식', '일식', '중식', '한식', '채식']","['두부', '오이', '생강', '마늘', '애호박', '새우', '감자', '베이컨', '달걀', '무', '토마토', '치즈', '고구마', '돼지고기', '우유', '오징어', '쪽파', '멸치', '레몬', '양파', '파프리카', '시금치', '닭고기', '딸기']"
204,['양식'],"['달걀', '감자', '레몬', '우유', '양파', '파프리카', '양배추', '토마토', '가지', '닭고기', '고구마']"
205,['한식'],"['베이컨', '오징어', '두부', '치즈', '양배추', '파프리카', '달걀', '닭고기', '돼지고기', '양파', '딸기', '무', '쪽파', '마늘', '쇠고기', '애호박', '우유', '오이', '당근', '깻잎', '시금치', '레몬', '멸치', '고구마', '생강', '가지', '토마토', '새우']"
206,"['채식', '중식', '일식']","['애호박', '쪽파', '토마토', '당근', '닭고기', '깻잎', '베이컨', '파프리카', '달걀', '오징어', '무', '우유', '생강', '멸치', '돼지고기', '두부', '가지', '양파', '치즈', '레몬', '고구마', '쇠고기', '양배추', '마늘', '딸기', '새우', '대파', '감자']"
207,['양식'],"['닭고기', '대파', '오징어', '양파', '두부', '시금치', '애호박', '레몬']"
208,"['양식', '일식', '한식', '채식', '중식']","['무', '양배추', '멸치', '감자', '양파']"
209,['중식'],"['새우', '멸치', '무', '파프리카', '애호박', '달걀', '마늘', '오징어']"
210,"['일식', '한식', '채식']","['쇠고기', '돼지고기', '가지', '멸치', '레몬', '생강', '고구마', '치즈', '깻잎', '애호박', '닭고기', '시금치', '딸기', '무', '쪽파', '달걀', '대파', '새우', '양배추', '파프리카', '베이컨', '오이', '마늘']"
211,"['일식', '양식', '한식', '중식', '채식']","['쪽파', '깻잎', '시금치', '레몬', '감자', '고구마', '멸치', '달걀', '가지', '대파', '양배추', '새우', '돼지고기', '양파', '두부', '당근', '치즈', '생강', '파프리카']"
212,"['중식', '일식']","['레몬', '달걀', '시금치', '돼지고기', '베이컨', '파프리카', '쪽파', '새우', '양파', '딸기', '쇠고기', '대파', '고구마', '닭고기', '마늘', '오이', '토마토', '감자', '우유', '무', '생강', '치즈', '당근', '애호박']"
213,['채식'],"['파프리카', '오징어', '양파', '양배추', '깻잎', '애호박', '생강', '쇠고기', '레몬', '시금치', '감자', '쪽파', '닭고기', '두부', '가지', '당근', '고구마', '오이', '무', '베이컨', '토마토', '멸치', '마늘', '새우', '딸기', '대파', '우유']"
214,"['채식', '중식', '한식', '일식']",['생강']
215,['채식'],"['무', '시금치', '당근', '애호박', '생강', '파프리카', '돼지고기', '멸치', '양배추', '가지', '마늘', '대파', '두부', '쪽파', '베이컨', '쇠고기', '새우', '달걀', '토마토', '깻잎', '닭고기', '레몬', '감자', '고구마', '오징어']"
216,"['양식', '한식', '일식', '채식', '중식']","['달걀', '오이', '무', '파프리카', '쪽파', '새우', '딸기', '당근', '멸치', '토마토', '양배추', '고구마', '치즈', '쇠고기', '시금치', '돼지고기', '닭고기', '오징어', '레몬', '우유', '베이컨']"
217,"['중식', '일식', '양식']","['쇠고기', '돼지고기', '치즈', '새우', '고구마', '시금치', '감자']"
218,"['한식', '양식', '중식']","['레몬', '우유', '토마토', '감자', '쇠고기', '새우', '오징어', '두부', '깻잎', '멸치', '양파', '양배추', '시금치', '가지', '생강', '베이컨', '딸기', '치즈', '고구마', '달걀', '마늘']"
219,"['중식', '한식', '일식']","['딸기', '당근', '마늘', '애호박']"
220,"['채식', '양식']","['우유', '토마토', '생강', '감자', '새우', '멸치', '오징어', '마늘', '깻잎', '무', '치즈', '당근', '시금치', '닭고기', '두부', '레몬', '가지', '쇠고기', '고구마', '딸기', '달걀', '양배추']"
221,"['채식', '일식', '양식']","['돼지고기', '마늘', '생강', '쪽파', '멸치', '베이컨', '치즈', '우유', '레몬', '애호박', '감자', '고구마', '양배추', '무', '시금치', '두부', '달걀', '당근', '오징어', '새우', '가지', '닭고기']"
222,"['채식', '한식', '일식', '중식']","['새우', '치즈', '닭고기', '대파', '오징어', '무', '시금치', '쪽파', '양파', '쇠고기', '멸치', '레몬', '고구마', '애호박', '마늘', '우유', '달걀', '양배추', '감자', '두부', '당근']"
223,['양식'],"['마늘', '무', '깻잎', '가지', '치즈', '애호박', '닭고기', '우유', '레몬', '양배추', '대파', '시금치', '당근', '토마토', '딸기', '달걀', '쇠고기', '돼지고기', '생강', '두부', '멸치', '고구마', '베이컨', '감자', '오징어', '양파', '쪽파', '새우', '오이', '파프리카']"
224,"['중식', '양식', '일식', '한식', '채식']","['달걀', '두부', '오징어', '오이', '새우', '생강', '무', '고구마', '파프리카', '당근', '닭고기', '마늘', '쇠고기', '대파', '돼지고기', '애호박', '레몬', '양배추', '우유', '베이컨', '쪽파', '깻잎', '딸기', '멸치', '토마토', '시금치', '양파', '가지', '감자', '치즈']"
225,"['한식', '양식']","['마늘', '생강', '베이컨', '토마토', '두부', '깻잎', '쪽파', '무', '닭고기', '쇠고기', '대파', '파프리카', '당근', '치즈', '새우', '우유', '가지', '레몬', '오이', '양배추', '딸기', '고구마']"
226,['한식'],"['감자', '달걀', '대파', '두부', '레몬', '베이컨', '토마토', '쇠고기', '시금치', '돼지고기', '멸치', '고구마', '오이', '깻잎', '쪽파']"
227,"['양식', '일식', '한식']",['양파']
228,"['양식', '채식', '일식']","['고구마', '레몬', '양파', '감자', '쇠고기', '가지', '마늘', '토마토']"
229,"['중식', '채식', '한식', '일식', '양식']","['토마토', '무', '깻잎', '시금치', '돼지고기', '두부', '우유', '멸치', '오이', '고구마', '생강', '당근', '가지', '치즈', '딸기', '닭고기', '애호박', '양배추', '레몬', '대파', '파프리카', '새우', '달걀', '베이컨', '마늘']"
230,"['한식', '중식', '일식', '양식', '채식']","['애호박', '우유', '감자', '닭고기', '오징어', '당근', '양파', '레몬', '쇠고기', '생강', '대파', '멸치']"
231,"['일식', '양식', '한식', '채식', '중식']","['쇠고기', '깻잎', '베이컨', '돼지고기', '새우', '쪽파', '대파', '딸기', '닭고기', '애호박', '양파', '고구마', '마늘']"
232,"['채식', '중식', '한식']","['생강', '양파', '치즈', '닭고기', '대파', '달걀', '멸치', '당근', '돼지고기', '우유']"
233,"['중식', '양식', '일식', '한식', '채식']","['고구마', '무', '양파', '치즈', '멸치', '새우', '두부', '닭고기', '토마토', '마늘', '딸기', '양배추', '레몬', '베이컨', '시금치', '쇠고기', '감자']"
234,"['중식', '일식', '채식', '한식']","['감자', '토마토', '두부', '시금치']"
235,"['일식', '채식', '양식', '한식']","['마늘', '양배추', '레몬', '토마토', '멸치', '당근', '두부', '쪽파', '베이컨', '딸기', '닭고기', '생강', '깻잎', '쇠고기', '대파', '가지']"
236,"['한식', '일식']","['양배추', '딸기', '마늘', '쪽파', '대파', '두부']"
237,"['일식', '채식', '중식', '양식', '한식']","['가지', '생강', '깻잎', '고구마', '파프리카', '감자', '두부', '마늘', '시금치', '달걀', '새우', '애호박', '당근', '토마토', '오이', '쇠고기']"
238,['일식'],"['베이컨', '우유', '깻잎']"
239,"['일식', '중식']","['레몬', '돼지고기', '베이컨', '고구마', '멸치', '오이', '닭고기', '달걀', '우유', '오징어', '새우', '치즈', '쇠고기', '가지', '시금치', '생강', '마늘', '쪽파', '딸기', '깻잎', '감자', '당근', '양배추', '무', '토마토']"
240,['양식'],"['대파', '고구마', '닭고기', '쪽파', '애호박', '감자', '파프리카', '두부', '돼지고기', '우유', '무', '레몬', '마늘', '딸기', '당근', '베이컨', '깻잎', '멸치', '양파', '생강', '토마토', '오이', '달걀', '쇠고기', '오징어']"
241,"['한식', '채식']","['마늘', '치즈', '오이', '오징어', '우유', '딸기', '쇠고기', '가지', '두부', '돼지고기', '파프리카']"
242,"['일식', '양식']","['치즈', '양파', '쪽파', '감자', '멸치', '오이', '대파', '딸기', '가지', '닭고기', '돼지고기', '파프리카', '고구마', '마늘', '쇠고기', '토마토']"
243,['일식'],"['애호박', '닭고기', '토마토', '무', '레몬', '멸치', '고구마', '딸기', '깻잎', '우유', '생강', '치즈', '베이컨', '시금치', '감자', '가지', '양배추', '두부', '대파', '양파', '돼지고기', '쪽파', '오이', '쇠고기', '마늘', '당근', '오징어']"
244,"['중식', '채식']","['당근', '치즈', '오징어', '새우', '쇠고기', '토마토', '마늘', '두부', '양배추', '달걀', '대파', '우유', '오이', '파프리카', '쪽파', '닭고기', '시금치', '딸기', '고구마', '베이컨', '레몬', '감자', '깻잎']"
245,['채식'],"['돼지고기', '토마토', '쇠고기', '마늘', '시금치', '감자', '양배추', '두부', '오징어', '쪽파', '딸기', '생강', '가지', '애호박', '베이컨', '대파', '멸치', '달걀', '우유', '새우', '당근', '고구마', '레몬', '무', '닭고기', '깻잎', '양파', '파프리카', '오이']"
246,['채식'],"['감자', '생강', '돼지고기', '깻잎', '당근']"
247,['일식'],"['쪽파', '당근', '치즈', '오징어', '달걀', '딸기', '대파', '깻잎', '멸치']"
248,"['한식', '양식', '중식', '일식', '채식']","['새우', '파프리카', '레몬', '베이컨']"
249,"['한식', '양식', '중식', '일식']","['딸기', '깻잎', '애호박', '닭고기', '양배추', '가지', '멸치', '무', '대파', '생강', '토마토', '고구마']"
250,['일식'],"['닭고기', '우유', '감자', '양파', '두부', '치즈', '당근', '대파', '깻잎', '쇠고기', '애호박', '쪽파', '시금치', '오징어', '가지', '베이컨', '달걀']"
251,"['양식', '중식', '일식']","['오징어', '딸기', '시금치']"
252,"['양식', '중식', '채식']","['새우', '가지', '쇠고기', '오이', '토마토', '깻잎', '쪽파']"
253,"['채식', '양식', '일식']","['딸기', '고구마', '오이', '쪽파', '치즈', '멸치', '쇠고기', '깻잎', '우유', '양배추', '두부', '레몬', '당근']"
254,"['한식', '양식', '채식']","['새우', '양파', '대파', '애호박', '오이', '생강', '돼지고기', '시금치', '가지', '깻잎', '오징어', '고구마', '멸치', '당근', '감자', '쪽파', '달걀']"
255,"['한식', '채식', '일식', '양식']","['감자', '오징어', '치즈', '새우', '돼지고기', '우유', '양파', '토마토', '베이컨', '파프리카', '가지', '달걀', '멸치', '생강', '깻잎', '닭고기', '두부']"
256,"['양식', '일식', '중식']","['양파', '애호박', '양배추', '마늘', '가지', '달걀', '무', '딸기', '멸치', '베이컨', '쇠고기', '고구마', '쪽파', '생강', '치즈', '오징어', '시금치', '레몬', '토마토', '감자', '돼지고기', '두부', '파프리카', '오이', '우유', '새우', '당근', '깻잎', '닭고기']"
257,"['일식', '중식', '양식']","['베이컨', '마늘', '깻잎', '치즈', '대파', '멸치', '레몬', '양파', '토마토', '쪽파', '닭고기', '양배추', '가지', '감자', '달걀', '두부', '애호박', '오이', '돼지고기', '무']"
258,"['중식', '한식', '양식']","['생강', '우유', '오이', '멸치']"
259,"['중식', '한식', '일식', '양식', '채식']","['대파', '쇠고기', '고구마', '무', '새우', '딸기', '토마토', '오이', '마늘', '오징어', '닭고기', '파프리카', '달걀', '양파', '우유', '멸치', '시금치', '생강', '애호박', '양배추', '돼지고기', '깻잎', '두부', '치즈', '가지']"
260,"['양식', '한식']","['오징어', '감자', '가지', '베이컨']"
261,['일식'],"['애호박', '무', '두부', '멸치', '베이컨']"
262,"['양식', '채식', '중식', '일식']","['가지', '감자', '두부', '양파', '오징어', '파프리카', '멸치']"
263,"['한식', '양식', '일식', '채식']","['파프리카', '애호박', '오이', '베이컨', '우유', '가지', '새우', '감자', '치즈', '쪽파', '달걀', '무']"
264,['양식'],"['양배추', '닭고기', '레몬', '감자', '치즈', '고구마', '양파', '당근', '마늘', '두부', '파프리카', '우유', '오징어', '가지', '대파', '달걀', '돼지고기', '새우', '딸기', '무', '토마토', '오이', '시금치', '애호박', '베이컨', '쇠고기', '멸치', '생강', '쪽파']"
265,['일식'],"['치즈', '감자', '쇠고기', '오징어', '깻잎', '두부', '파프리카', '쪽파', '마늘', '레몬', '시금치', '새우', '양파', '돼지고기', '무', '딸기']"
266,"['일식', '한식', '채식']","['깻잎', '오이', '오징어', '애호박', '레몬', '두부', '멸치', '닭고기', '쪽파', '파프리카', '우유', '당근', '고구마', '딸기', '토마토', '쇠고기', '대파']"
267,"['한식', '채식']","['우유', '토마토', '대파', '파프리카', '당근', '감자', '멸치', '고구마', '애호박', '달걀', '마늘', '레몬', '오징어', '치즈', '오이', '쇠고기', '양배추', '가지', '깻잎', '베이컨', '새우', '돼지고기', '시금치', '두부', '딸기', '생강', '쪽파']"
268,"['채식', '양식', '일식', '중식']","['애호박', '쪽파', '가지', '베이컨', '무', '우유', '오이', '고구마', '마늘', '달걀', '파프리카', '두부', '멸치', '치즈', '돼지고기', '양파', '토마토', '레몬', '당근', '깻잎', '새우', '닭고기', '감자']"
269,"['양식', '채식', '중식', '일식']","['생강', '오이', '닭고기', '토마토', '애호박', '멸치', '베이컨', '양배추', '파프리카', '깻잎', '달걀', '치즈', '우유', '양파', '대파', '쪽파', '시금치', '새우', '당근', '무']"
270,"['채식', '양식']","['쇠고기', '우유', '대파', '생강', '애호박', '감자', '마늘', '쪽파', '깻잎', '파프리카', '돼지고기', '오이', '달걀', '닭고기', '딸기', '무', '토마토']"
271,"['양식', '한식']","['치즈', '당근', '오징어', '생강', '달걀', '오이', '가지', '양파', '양배추', '무', '쇠고기', '새우', '깻잎', '두부', '딸기', '우유', '애호박', '파프리카', '대파', '베이컨', '멸치', '마늘', '돼지고기', '고구마', '쪽파', '시금치', '감자', '닭고기']"
272,"['한식', '중식', '일식', '채식']","['깻잎', '감자', '베이컨', '치즈', '시금치', '돼지고기', '우유', '쇠고기']"
273,"['한식', '채식', '양식']","['우유', '멸치', '시금치', '마늘', '딸기', '쪽파', '생강', '가지', '애호박', '토마토', '돼지고기', '베이컨', '두부', '레몬', '무', '치즈', '오이', '파프리카', '고구마', '새우', '양배추', '당근', '양파', '깻잎']"
274,"['양식', '채식', '한식']","['딸기', '시금치', '오이', '당근', '토마토', '양배추', '돼지고기', '마늘', '파프리카', '고구마', '새우', '가지']"
275,['채식'],"['달걀', '대파', '가지']"
276,"['한식', '중식', '일식', '양식', '채식']","['깻잎', '대파', '쪽파', '오징어', '우유', '두부', '달걀', '쇠고기', '멸치']"
277,"['양식', '중식', '채식']",['오징어']
278,['한식'],"['시금치', '치즈', '딸기', '레몬', '고구마', '양배추', '오징어', '파프리카', '오이', '당근', '무', '애호박', '우유', '대파', '쪽파']"
279,"['양식', '채식', '일식']","['파프리카', '새우', '레몬', '두부', '마늘', '우유', '가지', '대파', '토마토', '깻잎']"
280,"['양식', '채식']","['새우', '무', '고구마', '토마토', '가지', '양파', '대파', '베이컨', '생강', '돼지고기', '시금치', '양배추', '쪽파', '마늘', '깻잎', '치즈', '닭고기', '파프리카', '우유', '애호박', '달걀']"
281,"['한식', '채식', '양식']","['양배추', '쪽파', '치즈', '오징어', '달걀', '대파', '토마토', '오이', '마늘', '양파', '베이컨', '쇠고기', '파프리카', '당근', '깻잎', '새우', '레몬', '두부', '시금치', '고구마', '가지', '멸치', '감자', '돼지고기', '애호박', '우유', '닭고기', '무', '딸기']"
282,"['채식', '중식', '일식', '양식']","['마늘', '딸기', '대파', '가지', '두부', '달걀', '쇠고기']"
283,"['채식', '중식']","['쪽파', '당근', '돼지고기', '가지', '시금치', '토마토', '양배추', '생강', '달걀', '대파', '딸기', '양파', '우유', '무', '파프리카']"
284,"['한식', '일식', '양식']","['애호박', '가지', '감자', '오징어', '멸치', '깻잎', '양배추', '새우', '돼지고기', '우유', '무', '두부', '닭고기', '쇠고기', '레몬', '당근', '시금치', '쪽파', '파프리카', '딸기', '마늘']"
285,"['채식', '일식', '중식']","['대파', '시금치', '감자', '멸치', '당근', '깻잎', '돼지고기', '애호박', '오징어', '마늘', '가지', '토마토', '우유', '레몬', '파프리카', '딸기', '두부', '달걀', '닭고기']"
286,"['일식', '양식', '한식']","['당근', '우유', '두부', '생강', '달걀', '베이컨', '가지', '감자', '대파', '오이', '새우', '시금치', '쪽파', '무', '딸기', '돼지고기', '고구마', '오징어', '닭고기', '양배추', '토마토', '쇠고기', '깻잎', '파프리카', '마늘']"
287,['중식'],"['멸치', '당근', '우유']"
288,"['일식', '양식', '중식', '채식']","['돼지고기', '대파']"
289,"['채식', '일식', '중식', '양식', '한식']","['달걀', '오징어', '가지', '양배추', '멸치', '치즈', '감자', '마늘', '새우', '양파', '두부', '돼지고기', '시금치', '딸기']"
290,"['양식', '채식', '한식', '중식']","['양파', '생강', '딸기']"
291,['채식'],"['파프리카', '깻잎', '닭고기', '양배추', '무', '치즈', '달걀', '쪽파', '새우']"
292,"['채식', '일식']","['두부', '토마토', '가지', '당근', '감자', '마늘', '닭고기', '오이', '베이컨', '양파', '오징어', '멸치', '애호박', '고구마', '대파', '우유']"
293,['양식'],"['토마토', '감자', '고구마', '치즈', '가지', '시금치', '베이컨', '애호박', '파프리카', '당근', '오징어', '두부', '돼지고기', '대파', '생강', '깻잎', '오이', '멸치', '달걀', '무', '우유', '양파', '새우', '쪽파', '딸기', '양배추', '쇠고기', '마늘']"
294,"['양식', '중식', '채식', '한식', '일식']","['무', '멸치', '치즈']"
295,"['한식', '양식', '중식']","['고구마', '당근', '두부', '파프리카', '새우', '돼지고기', '멸치', '쇠고기', '토마토', '대파']"
296,"['중식', '한식', '일식', '양식', '채식']","['무', '고구마', '양파', '양배추', '닭고기', '시금치', '대파', '오이', '토마토', '멸치', '가지', '당근', '돼지고기', '오징어', '마늘', '레몬', '애호박', '우유', '파프리카', '베이컨', '감자', '달걀', '깻잎', '딸기', '생강']"
297,"['중식', '일식']","['가지', '당근', '고구마', '새우', '시금치', '딸기', '달걀', '양배추', '치즈', '감자', '생강', '무', '쪽파', '깻잎', '대파', '마늘', '베이컨', '돼지고기', '토마토', '애호박']"
298,['채식'],"['당근', '애호박', '달걀', '레몬', '오이', '새우', '우유', '쪽파', '깻잎', '시금치', '베이컨', '닭고기', '고구마', '대파', '오징어', '딸기', '두부', '무', '양배추', '생강']"
299,"['채식', '한식']","['우유', '고구마', '가지', '오이', '레몬', '딸기', '애호박', '감자', '시금치', '새우', '쇠고기', '당근', '달걀', '멸치', '오징어', '깻잎', '쪽파', '파프리카', '양파', '양배추', '돼지고기', '무', '치즈', '닭고기', '마늘', '대파', '두부', '토마토']"
300,"['채식', '양식', '일식', '중식', '한식']","['감자', '파프리카', '베이컨', '무', '생강', '토마토', '깻잎', '대파', '마늘', '닭고기', '오이', '고구마', '달걀', '애호박', '양배추', '두부', '레몬']"
301,"['중식', '채식']","['고구마', '대파', '무', '마늘', '생강', '치즈', '달걀', '깻잎', '두부', '레몬', '새우', '양파', '양배추', '쪽파', '당근', '오징어', '멸치', '애호박', '가지', '토마토', '베이컨', '딸기']"
302,"['일식', '한식', '양식']","['감자', '당근', '파프리카', '레몬', '깻잎', '토마토', '시금치', '마늘', '오이', '오징어', '딸기', '고구마', '생강', '대파', '우유', '양파', '닭고기', '두부', '돼지고기']"
303,['양식'],"['고구마', '두부', '마늘', '치즈', '무', '우유', '가지', '새우', '깻잎', '양배추', '베이컨', '당근']"
304,"['일식', '한식', '양식', '채식']","['감자', '베이컨', '토마토', '가지', '오징어', '쇠고기', '우유', '생강', '달걀', '딸기', '당근', '시금치', '레몬', '양배추', '파프리카', '대파', '멸치', '두부', '오이', '치즈', '고구마', '깻잎', '마늘', '양파', '새우', '돼지고기']"
305,"['일식', '한식', '채식', '중식']","['두부', '오징어', '딸기', '달걀', '가지', '토마토', '무', '마늘', '돼지고기', '베이컨']"
306,"['채식', '양식', '한식']","['오징어', '쇠고기', '베이컨', '고구마', '두부', '가지', '시금치', '깻잎', '딸기', '돼지고기', '대파', '우유', '달걀', '새우', '생강', '마늘']"
307,['양식'],"['애호박', '달걀', '감자', '마늘', '베이컨', '돼지고기', '당근', '새우', '레몬', '오징어', '양배추', '가지', '치즈', '양파', '우유', '쪽파', '고구마', '파프리카', '생강', '토마토', '닭고기', '무', '쇠고기', '딸기', '깻잎']"
308,['중식'],"['당근', '우유', '마늘', '생강', '돼지고기', '새우', '베이컨', '토마토', '가지', '감자', '시금치', '달걀', '쪽파']"
309,['채식'],"['쪽파', '파프리카', '깻잎', '딸기', '마늘', '양파', '오징어', '대파', '레몬', '치즈', '애호박', '생강', '베이컨', '쇠고기', '두부', '새우']"
310,['양식'],"['쪽파', '멸치', '두부', '생강', '고구마', '파프리카', '오징어', '양파', '토마토', '가지', '달걀', '깻잎', '무', '새우', '레몬', '닭고기', '당근', '쇠고기', '감자', '대파', '딸기', '오이']"
311,"['채식', '일식', '양식', '중식']","['쇠고기', '깻잎', '달걀', '쪽파', '오이', '토마토', '오징어', '무', '마늘', '파프리카', '가지', '레몬', '생강', '새우', '베이컨', '양배추', '딸기', '두부', '돼지고기', '애호박', '양파', '우유', '시금치', '대파']"
312,"['일식', '중식', '양식']","['두부', '오이', '감자', '닭고기', '돼지고기', '가지', '치즈', '대파', '오징어', '애호박', '깻잎', '쇠고기', '고구마', '양파', '마늘', '베이컨', '파프리카', '당근', '우유', '시금치', '딸기', '무', '달걀', '멸치', '쪽파', '생강', '새우']"
313,"['채식', '중식', '양식', '일식']","['감자', '달걀', '새우', '우유']"
314,"['중식', '일식', '한식', '양식']","['감자', '치즈', '멸치', '쪽파', '마늘']"
315,"['채식', '양식', '중식', '일식', '한식']","['양파', '시금치', '쪽파', '마늘', '가지', '양배추', '딸기', '깻잎', '달걀', '돼지고기', '오징어', '우유', '생강', '무', '레몬', '감자', '치즈', '베이컨', '파프리카', '오이', '두부', '쇠고기', '대파', '애호박', '닭고기', '당근', '토마토', '새우']"
316,"['중식', '양식']","['시금치', '달걀', '무', '고구마', '딸기', '가지', '대파', '돼지고기', '쪽파', '우유', '당근', '생강', '애호박', '마늘', '쇠고기', '깻잎', '오징어', '레몬', '양파', '양배추', '오이']"
317,"['한식', '양식']","['두부', '베이컨', '양배추', '토마토', '달걀', '오이', '파프리카', '레몬', '오징어', '당근', '멸치', '쪽파', '생강', '딸기', '쇠고기', '우유', '감자', '치즈', '대파', '애호박', '가지']"
318,"['일식', '중식', '양식', '한식']","['딸기', '애호박', '대파', '레몬', '오징어', '가지', '우유', '감자', '당근', '시금치', '달걀', '토마토', '파프리카', '생강']"
319,"['채식', '일식', '한식', '중식']",['쪽파']
320,"['일식', '양식', '채식', '한식', '중식']","['치즈', '레몬', '감자', '애호박', '멸치', '마늘', '베이컨', '쪽파', '오징어', '파프리카', '가지', '깻잎', '딸기', '닭고기', '달걀', '대파', '고구마', '시금치', '당근', '새우', '두부', '돼지고기']"
321,"['채식', '한식', '양식']","['깻잎', '우유', '레몬', '파프리카', '쪽파', '치즈', '새우', '양배추', '베이컨', '마늘', '오징어', '당근', '닭고기', '감자', '애호박', '딸기', '고구마', '토마토', '생강', '가지', '달걀', '시금치', '양파', '대파', '두부', '쇠고기', '무', '돼지고기', '오이']"
322,['양식'],"['애호박', '닭고기', '두부', '쪽파', '양배추', '달걀', '베이컨', '돼지고기', '우유', '고구마', '오이', '멸치', '레몬', '새우', '무', '마늘', '가지', '감자', '쇠고기', '토마토']"
323,"['한식', '양식', '중식', '채식']","['두부', '오이', '대파', '애호박', '파프리카', '토마토', '딸기', '닭고기', '달걀', '양배추', '우유', '가지', '쪽파', '쇠고기', '오징어', '돼지고기', '새우', '무', '생강', '양파', '고구마', '깻잎', '시금치', '멸치', '레몬', '당근', '베이컨', '감자', '마늘']"
324,"['양식', '일식', '중식', '채식']","['양배추', '새우', '달걀', '당근', '우유', '딸기', '시금치', '오이', '쪽파', '치즈', '생강', '레몬', '닭고기', '마늘', '두부', '양파', '깻잎', '토마토', '고구마', '멸치', '애호박', '감자', '쇠고기', '대파', '파프리카', '오징어', '돼지고기', '가지']"
325,"['한식', '중식', '채식', '양식']","['토마토', '파프리카', '쪽파', '애호박', '베이컨', '달걀', '레몬', '가지', '무', '당근', '고구마', '깻잎', '감자', '오이', '치즈', '두부', '닭고기', '양파', '마늘']"
326,"['양식', '일식', '중식', '한식']","['애호박', '돼지고기', '달걀', '우유', '대파', '두부', '생강', '시금치', '가지', '베이컨']"
327,"['일식', '양식']","['감자', '애호박', '쇠고기', '깻잎', '마늘', '새우', '오징어', '레몬', '파프리카', '시금치', '무', '양파', '딸기', '닭고기', '멸치', '오이']"
328,"['중식', '양식', '한식', '일식']","['감자', '가지', '고구마', '토마토', '멸치', '치즈', '달걀', '레몬', '깻잎', '닭고기', '오징어', '무', '양파', '두부', '생강', '돼지고기', '오이', '양배추', '시금치', '대파', '파프리카', '마늘', '당근', '새우', '딸기', '베이컨', '쇠고기', '쪽파']"
329,"['중식', '양식', '일식', '한식', '채식']","['시금치', '치즈', '새우', '두부', '깻잎', '감자', '파프리카', '돼지고기']"
330,"['양식', '중식', '한식']","['양파', '양배추', '가지']"
331,"['양식', '중식', '한식', '일식', '채식']","['베이컨', '닭고기', '토마토', '당근', '양파', '달걀', '쪽파', '마늘']"
332,"['양식', '중식']","['마늘', '무', '새우', '파프리카']"
333,"['채식', '일식', '한식', '양식']","['마늘', '토마토', '치즈', '오이', '감자', '가지', '시금치', '양배추', '베이컨', '생강', '레몬', '파프리카', '고구마']"
334,['한식'],"['베이컨', '대파', '양파', '깻잎', '양배추', '쇠고기', '돼지고기', '닭고기', '토마토', '멸치', '치즈', '파프리카', '당근', '무', '고구마', '쪽파', '오이', '시금치', '오징어', '우유', '달걀', '생강', '두부', '새우', '가지', '레몬', '애호박', '감자', '마늘', '딸기']"
335,['채식'],"['치즈', '멸치', '오이', '생강', '파프리카', '토마토', '애호박', '두부', '양파', '닭고기', '달걀', '양배추', '베이컨', '마늘', '쪽파', '쇠고기', '무', '깻잎', '딸기', '감자', '오징어', '가지', '당근', '고구마']"
336,"['중식', '채식', '양식', '한식', '일식']","['깻잎', '달걀', '무', '당근', '새우', '시금치', '파프리카', '대파', '오이', '우유', '베이컨', '멸치', '생강', '애호박', '감자', '돼지고기', '쪽파', '두부', '치즈', '고구마', '닭고기', '마늘', '토마토', '오징어', '양파', '쇠고기']"
337,"['일식', '채식', '중식']",['애호박']
338,['한식'],"['무', '닭고기', '달걀', '애호박', '두부', '대파', '감자', '돼지고기', '멸치', '가지', '치즈', '우유', '쪽파', '양배추', '레몬', '파프리카', '양파', '고구마', '쇠고기', '생강', '새우', '당근', '베이컨', '토마토', '마늘', '시금치', '오징어']"
339,['일식'],"['우유', '파프리카', '양파', '고구마', '양배추', '달걀', '대파', '새우', '생강']"
340,['중식'],"['딸기', '쪽파', '쇠고기', '양배추', '깻잎', '달걀', '고구마', '시금치', '새우', '두부', '생강']"
341,"['한식', '채식', '중식']","['대파', '고구마', '양파', '생강', '우유', '시금치', '쇠고기', '쪽파', '치즈', '두부', '멸치', '베이컨', '무', '애호박', '새우', '당근', '토마토', '가지', '딸기', '감자', '돼지고기', '오징어', '레몬', '오이', '파프리카', '양배추']"
342,"['중식', '채식', '일식', '양식', '한식']","['마늘', '무', '애호박', '두부', '쇠고기', '토마토', '가지', '오징어', '치즈', '우유', '멸치', '양배추', '레몬', '시금치']"
343,"['일식', '채식']","['가지', '달걀', '두부', '오징어', '베이컨', '양파', '양배추', '당근', '마늘', '쪽파', '감자', '토마토', '우유', '애호박', '쇠고기', '고구마']"
344,"['양식', '일식', '채식', '중식', '한식']","['베이컨', '생강', '마늘', '양파', '대파', '오이', '양배추', '닭고기', '무', '두부', '애호박', '달걀', '고구마', '우유', '돼지고기', '시금치', '감자', '파프리카', '깻잎', '가지', '치즈', '딸기', '레몬', '쇠고기', '당근', '토마토', '새우', '쪽파']"
345,"['중식', '일식', '채식', '양식', '한식']","['시금치', '감자', '멸치', '가지', '깻잎', '딸기', '달걀', '돼지고기', '애호박', '양파']"
346,"['중식', '일식']","['대파', '오징어', '딸기', '멸치', '달걀', '닭고기', '오이', '양파', '쇠고기', '토마토', '시금치', '감자', '돼지고기']"
347,"['한식', '일식', '양식', '채식']","['새우', '치즈', '감자', '고구마', '대파', '돼지고기', '마늘', '시금치', '양배추', '파프리카', '생강', '베이컨', '양파', '멸치', '오징어', '쇠고기', '우유', '가지', '무', '닭고기', '쪽파', '딸기', '오이', '당근', '달걀', '애호박', '두부', '토마토']"
348,"['일식', '한식', '양식', '중식']","['딸기', '쇠고기', '레몬', '토마토', '쪽파', '생강', '달걀', '오이', '닭고기', '무', '파프리카']"
349,"['채식', '일식', '한식', '양식', '중식']","['멸치', '애호박', '당근', '오이', '베이컨', '두부', '닭고기', '양배추', '돼지고기', '대파', '토마토', '오징어', '딸기', '새우']"
350,"['중식', '양식']","['딸기', '가지', '오징어', '마늘', '돼지고기', '멸치', '고구마', '베이컨', '파프리카', '새우', '쪽파', '닭고기', '시금치']"
351,"['양식', '채식']","['애호박', '생강', '파프리카', '새우', '돼지고기', '오이', '감자', '닭고기', '깻잎', '오징어', '시금치', '가지', '딸기', '토마토', '대파', '두부', '양배추', '달걀', '양파', '치즈', '멸치', '레몬', '무', '고구마', '쇠고기', '우유', '마늘', '당근', '쪽파', '베이컨']"
352,['중식'],"['고구마', '치즈', '돼지고기', '딸기', '무', '대파', '오징어', '쇠고기', '오이', '마늘', '베이컨', '레몬', '우유', '양파', '닭고기']"
353,"['양식', '채식']","['쇠고기', '감자', '애호박', '양파', '무', '레몬', '깻잎', '새우', '시금치', '우유', '양배추', '오징어', '닭고기', '고구마', '치즈', '돼지고기', '오이', '쪽파', '멸치', '마늘', '토마토', '딸기', '달걀', '파프리카', '대파', '베이컨', '당근', '생강', '가지']"
354,['한식'],"['생강', '달걀', '감자', '무', '대파', '베이컨', '시금치', '가지', '쇠고기', '멸치', '새우', '마늘', '고구마', '토마토', '오징어', '파프리카', '돼지고기', '닭고기', '당근', '양배추', '쪽파', '우유']"
355,"['중식', '양식', '한식']","['새우', '시금치', '쇠고기', '깻잎', '대파', '치즈', '달걀', '토마토', '마늘', '가지', '양파']"
356,"['양식', '중식']","['양배추', '감자', '치즈', '토마토', '고구마', '파프리카', '생강', '가지', '달걀', '베이컨', '오징어', '당근', '쇠고기', '마늘', '대파', '멸치', '오이', '깻잎']"
357,['채식'],"['베이컨', '쇠고기', '우유', '파프리카', '토마토', '돼지고기', '멸치', '새우', '마늘']"
358,['채식'],"['시금치', '양배추', '닭고기', '달걀', '토마토', '감자', '생강', '두부', '마늘', '레몬', '새우', '당근', '쪽파', '멸치', '고구마', '오징어', '우유', '무', '양파', '파프리카', '치즈']"
359,"['양식', '일식']","['양파', '새우', '무', '우유', '치즈', '깻잎', '두부', '딸기', '양배추', '베이컨', '돼지고기', '쇠고기', '파프리카', '고구마', '레몬', '멸치', '시금치', '마늘', '오이', '당근', '애호박', '가지', '생강', '토마토', '대파', '닭고기']"
360,['한식'],"['닭고기', '달걀']"
361,['양식'],"['치즈', '깻잎', '베이컨', '달걀', '마늘', '토마토', '시금치', '쇠고기', '레몬', '양배추', '대파', '오징어', '애호박', '우유', '딸기', '새우', '파프리카', '무', '가지', '생강', '두부', '닭고기', '양파', '오이', '감자', '돼지고기']"
362,"['양식', '일식', '한식', '채식']","['마늘', '깻잎', '쇠고기', '무', '레몬', '생강', '가지', '애호박', '우유', '달걀', '양배추', '돼지고기', '당근', '딸기', '치즈', '고구마', '대파', '토마토', '닭고기', '베이컨', '새우', '멸치', '오이', '감자']"
363,"['중식', '한식', '채식', '양식']","['가지', '치즈', '시금치', '감자', '고구마', '두부', '토마토', '쇠고기', '무', '베이컨', '오이', '우유', '양파', '레몬', '닭고기', '멸치', '새우', '양배추', '달걀', '마늘', '돼지고기', '파프리카', '깻잎', '대파', '당근', '딸기', '오징어', '쪽파']"
364,"['중식', '양식', '일식', '한식']","['새우', '베이컨', '대파', '쇠고기', '토마토', '생강', '달걀', '감자', '양파', '멸치', '시금치', '가지', '오징어', '닭고기', '우유', '치즈', '쪽파', '마늘', '레몬', '양배추']"
365,"['일식', '양식', '채식', '중식']","['두부', '파프리카', '토마토', '쪽파', '우유', '오이', '오징어', '양파', '쇠고기', '돼지고기', '닭고기', '마늘', '가지', '대파', '양배추', '애호박', '당근', '베이컨', '감자', '무', '멸치', '생강', '깻잎', '새우', '시금치', '치즈', '딸기']"
366,"['한식', '채식', '일식']",['오이']
367,['한식'],"['멸치', '양파', '우유']"
368,"['일식', '양식']","['감자', '파프리카', '딸기', '돼지고기', '오이', '오징어', '토마토', '치즈', '애호박', '쪽파', '쇠고기', '새우', '생강', '우유', '고구마', '당근', '레몬', '닭고기']"
369,['중식'],"['무', '애호박', '베이컨', '대파', '파프리카', '멸치', '당근', '오징어', '시금치', '쪽파', '마늘', '새우', '토마토', '양배추', '우유', '치즈', '쇠고기', '레몬']"
370,"['양식', '일식', '채식']","['생강', '양파', '토마토', '대파', '시금치', '무', '쇠고기', '베이컨', '돼지고기', '치즈', '고구마', '감자', '레몬', '새우', '마늘', '양배추', '오징어', '닭고기', '파프리카', '딸기', '우유', '쪽파', '당근', '애호박', '두부', '멸치', '달걀', '오이', '깻잎']"
371,['일식'],"['시금치', '새우', '고구마', '두부', '오이', '무', '감자', '대파', '오징어', '생강', '우유', '멸치', '딸기', '레몬', '쪽파', '토마토', '양배추', '파프리카', '마늘', '베이컨', '양파', '돼지고기', '달걀', '가지', '애호박', '쇠고기', '당근', '닭고기', '치즈', '깻잎']"
372,"['일식', '한식', '중식']","['닭고기', '레몬', '쪽파']"
373,"['중식', '채식', '일식']","['가지', '토마토', '쇠고기', '새우', '대파', '달걀', '딸기', '양배추', '오징어', '치즈', '당근', '시금치', '쪽파', '생강', '닭고기', '오이']"
374,"['한식', '일식', '중식']","['시금치', '멸치', '마늘', '토마토', '고구마', '오이', '두부', '애호박', '무', '양배추', '쪽파', '새우', '베이컨', '치즈', '레몬', '가지', '생강', '돼지고기', '달걀', '딸기', '닭고기', '쇠고기']"
375,"['일식', '중식', '채식', '양식', '한식']","['딸기', '치즈', '멸치', '무', '닭고기', '양배추', '파프리카', '마늘', '오이', '생강', '감자', '토마토', '베이컨', '대파', '새우', '고구마', '깻잎']"
376,"['중식', '양식', '채식']","['애호박', '멸치', '쇠고기', '두부', '베이컨', '고구마', '레몬', '깻잎', '돼지고기', '오징어', '우유', '파프리카', '딸기', '감자', '시금치', '생강', '토마토', '마늘']"
377,['채식'],"['오이', '치즈', '애호박', '생강', '베이컨', '감자', '두부', '달걀', '대파', '당근', '양파', '쪽파', '파프리카', '멸치', '오징어', '가지', '레몬', '우유', '쇠고기', '돼지고기', '양배추', '시금치', '고구마', '토마토', '무', '딸기']"
378,"['한식', '양식', '중식']","['무', '우유', '애호박', '새우']"
379,"['한식', '양식', '채식']","['감자', '마늘', '오징어', '새우', '딸기', '달걀', '쪽파', '당근', '돼지고기', '치즈', '양파', '토마토', '쇠고기', '대파', '레몬', '고구마', '오이', '깻잎', '무', '애호박', '닭고기', '두부', '가지', '파프리카']"
380,"['일식', '중식', '양식', '채식']","['고구마', '시금치', '양파', '레몬', '딸기', '멸치']"
381,"['양식', '일식', '한식', '중식', '채식']","['우유', '당근', '쪽파', '멸치', '오이', '양배추', '새우', '감자', '오징어', '무', '대파', '애호박', '달걀', '딸기', '토마토', '치즈', '깻잎']"
382,"['중식', '한식', '양식', '채식']","['토마토', '감자', '두부', '애호박', '우유', '파프리카', '무', '고구마', '오징어', '딸기', '치즈']"
383,"['일식', '양식', '중식', '한식']","['가지', '달걀', '오징어', '베이컨', '우유', '레몬', '양배추', '대파', '토마토', '돼지고기', '양파', '새우', '무', '오이']"
384,['일식'],"['생강', '시금치', '레몬', '멸치', '대파', '새우', '오이', '딸기', '두부', '달걀', '감자', '깻잎', '돼지고기', '가지', '마늘', '당근', '무', '양파', '토마토', '베이컨', '닭고기', '애호박', '우유', '치즈', '쪽파', '양배추', '쇠고기', '고구마', '파프리카', '오징어']"
385,"['중식', '한식', '양식']","['베이컨', '생강', '고구마', '닭고기', '우유', '파프리카', '멸치', '깻잎', '애호박', '쪽파', '오징어', '감자']"
386,"['일식', '중식', '양식']","['닭고기', '치즈', '깻잎', '딸기', '양파', '쇠고기', '당근', '베이컨', '새우', '쪽파', '토마토', '애호박', '감자', '무', '달걀', '오이', '돼지고기', '레몬', '마늘', '두부']"
387,"['일식', '양식']","['딸기', '깻잎', '오이', '두부', '마늘', '파프리카', '양배추', '당근', '쇠고기', '감자', '치즈', '고구마']"
388,"['일식', '채식']","['베이컨', '멸치', '양파', '마늘', '오징어', '닭고기', '감자', '당근', '레몬', '돼지고기', '시금치', '파프리카', '깻잎', '달걀', '생강', '새우', '두부', '가지', '토마토', '우유', '딸기', '양배추', '애호박', '쪽파', '치즈', '쇠고기']"
389,"['양식', '한식', '채식', '일식', '중식']","['파프리카', '딸기', '돼지고기', '달걀', '치즈', '고구마', '감자', '가지']"
390,"['중식', '채식', '일식', '양식']","['쪽파', '파프리카', '달걀', '시금치', '생강', '대파', '양파', '마늘', '양배추', '당근', '쇠고기', '가지', '치즈', '멸치', '딸기', '깻잎']"
391,"['중식', '한식', '일식', '채식', '양식']","['파프리카', '양파', '새우', '생강', '가지', '멸치', '무', '고구마']"
392,"['한식', '중식']","['무', '두부', '감자', '닭고기', '양배추', '가지', '달걀', '양파', '시금치', '생강', '애호박']"
393,['일식'],"['오징어', '가지', '양파', '오이', '베이컨', '당근', '대파', '딸기', '마늘', '생강', '토마토', '치즈', '쇠고기', '두부', '새우', '애호박', '고구마', '멸치', '감자']"
394,"['일식', '양식', '채식']",['멸치']
395,"['양식', '일식', '한식', '중식']","['쇠고기', '감자', '달걀', '당근']"
396,['한식'],"['무', '고구마', '가지', '베이컨', '딸기', '생강', '오이', '돼지고기']"
397,"['중식', '한식', '채식', '일식']","['양배추', '토마토', '치즈', '생강', '딸기', '새우', '깻잎', '오징어', '두부', '레몬', '가지', '돼지고기', '달걀']"
398,"['채식', '일식', '한식', '중식', '양식']","['오징어', '애호박', '우유', '대파', '양파', '당근', '베이컨', '레몬', '쪽파', '고구마']"
399,"['일식', '양식', '한식']","['멸치', '무', '양배추', '토마토']"
400,"['양식', '한식', '일식', '채식']","['치즈', '오이']"
401,"['일식', '채식', '양식', '한식']","['깻잎', '생강', '양배추', '레몬', '토마토', '오징어', '딸기', '파프리카', '새우', '치즈', '닭고기', '오이']"
402,['일식'],"['대파', '깻잎', '두부', '무', '당근', '애호박', '쪽파', '달걀', '마늘', '멸치', '새우', '토마토', '고구마', '오징어', '딸기', '가지', '생강']"
403,"['채식', '중식', '한식', '양식']","['대파', '치즈', '무', '레몬']"
404,"['한식', '채식', '양식']","['딸기', '깻잎', '달걀', '마늘', '베이컨', '시금치', '양파', '오이', '새우', '우유', '당근']"
405,"['한식', '중식', '일식']","['닭고기', '시금치', '돼지고기', '깻잎', '치즈', '베이컨', '대파', '새우', '고구마', '토마토', '딸기', '무', '양배추', '마늘', '두부', '레몬', '오징어', '우유', '감자', '달걀', '가지', '생강', '애호박', '양파', '파프리카', '당근', '멸치']"
406,['양식'],"['쇠고기', '돼지고기']"
407,"['중식', '양식']","['레몬', '당근', '생강', '새우', '감자', '멸치', '마늘', '오이', '고구마', '무', '대파', '양파', '파프리카', '가지', '치즈', '딸기', '쪽파']"
408,"['일식', '한식', '채식']","['레몬', '애호박', '쇠고기', '양배추', '달걀', '무']"
409,"['일식', '채식', '양식']","['돼지고기', '감자', '쇠고기', '양배추', '생강', '마늘', '오이', '파프리카', '레몬', '쪽파', '두부']"
410,"['한식', '일식', '중식', '채식']","['레몬', '깻잎']"
411,['양식'],"['파프리카', '닭고기', '생강', '당근', '딸기', '돼지고기', '감자', '쪽파', '깻잎', '고구마', '양배추', '두부', '양파', '베이컨', '애호박', '대파', '오이', '시금치', '치즈', '오징어', '가지', '무', '토마토', '마늘', '우유', '달걀', '새우', '멸치', '레몬']"
412,['일식'],"['우유', '닭고기', '오징어', '레몬', '오이', '마늘', '깻잎', '토마토', '대파', '당근', '돼지고기', '가지', '생강']"
413,"['채식', '일식']","['양파', '당근', '마늘', '토마토', '돼지고기', '오징어', '우유', '새우', '감자', '달걀', '딸기', '깻잎', '멸치', '무', '생강', '두부', '쪽파', '쇠고기', '닭고기', '오이', '치즈', '애호박', '양배추', '레몬', '고구마', '가지', '파프리카', '베이컨']"
414,['중식'],"['양배추', '마늘', '고구마', '멸치', '닭고기', '달걀', '딸기', '가지', '애호박', '대파', '새우', '깻잎', '레몬', '베이컨', '쪽파', '양파', '파프리카', '감자', '토마토', '치즈', '쇠고기', '생강', '우유', '오이', '두부', '시금치', '무']"
415,"['일식', '채식', '중식']","['쇠고기', '양파', '베이컨', '애호박', '돼지고기', '치즈', '쪽파', '가지', '오징어', '닭고기', '달걀', '토마토', '레몬', '무', '감자', '시금치', '대파', '마늘', '생강', '깻잎', '고구마', '딸기', '오이', '우유', '두부', '파프리카']"
416,"['일식', '중식', '채식', '양식', '한식']","['딸기', '멸치', '닭고기']"
417,"['중식', '한식', '채식', '양식', '일식']","['새우', '돼지고기', '파프리카', '토마토', '애호박', '당근', '오징어', '마늘', '레몬', '양배추', '베이컨', '무']"
418,"['중식', '일식']","['무', '가지', '고구마', '양배추', '쪽파', '시금치', '멸치', '치즈', '생강', '마늘', '감자', '당근', '오징어', '깻잎', '새우']"
419,"['한식', '중식', '채식']","['생강', '가지']"
420,"['한식', '채식', '양식', '일식', '중식']","['쪽파', '생강', '무', '딸기', '베이컨', '고구마', '양배추', '치즈', '닭고기', '파프리카', '우유', '새우', '레몬', '멸치', '가지', '마늘', '시금치', '두부', '대파', '오징어', '오이', '감자']"
421,"['채식', '양식', '중식', '일식', '한식']","['돼지고기', '시금치', '애호박', '딸기', '달걀', '당근', '파프리카', '가지', '닭고기', '베이컨', '새우', '깻잎', '무', '대파', '양파', '생강', '두부', '쇠고기', '멸치', '우유', '토마토', '감자', '레몬']"
422,"['한식', '일식', '양식']","['새우', '우유', '치즈', '베이컨', '토마토', '두부', '감자', '애호박', '대파', '무']"
423,"['양식', '중식', '채식']","['오이', '당근', '새우', '쇠고기', '감자', '두부', '토마토', '생강']"
424,"['채식', '양식']","['시금치', '당근', '무', '우유', '양파', '파프리카', '깻잎', '오징어', '애호박', '토마토', '치즈', '달걀', '쪽파', '멸치', '마늘', '가지', '양배추', '대파', '고구마', '쇠고기', '베이컨', '생강', '닭고기']"
425,"['중식', '일식', '채식', '한식']","['감자', '양배추', '깻잎', '애호박', '고구마', '닭고기', '돼지고기', '딸기', '가지', '두부', '당근']"
426,"['일식', '채식', '양식', '중식']","['베이컨', '무', '파프리카', '우유', '대파', '오이', '쪽파']"
427,"['양식', '일식']","['토마토', '치즈', '딸기', '감자', '시금치', '달걀', '대파', '쇠고기', '쪽파', '가지', '파프리카', '오징어', '깻잎', '당근']"
428,"['한식', '일식', '중식']","['깻잎', '멸치', '새우', '우유', '양배추', '무', '가지', '당근', '대파', '오징어', '돼지고기', '딸기', '양파', '고구마', '닭고기', '오이', '토마토']"
429,"['중식', '양식']","['당근', '고구마', '달걀', '대파', '돼지고기', '감자', '딸기', '토마토', '새우', '두부', '쇠고기', '시금치', '베이컨', '오이', '애호박', '가지', '오징어', '생강', '닭고기']"
430,"['양식', '채식', '일식', '한식', '중식']","['깻잎', '감자', '시금치', '베이컨', '양파', '쪽파', '레몬', '생강', '우유', '닭고기', '무', '오징어', '쇠고기', '양배추', '당근', '가지', '파프리카', '돼지고기', '대파', '토마토', '딸기', '두부', '새우', '오이', '멸치']"
431,"['일식', '채식']","['대파', '무', '양파', '딸기', '치즈', '고구마', '감자', '우유', '쪽파', '토마토', '쇠고기', '달걀', '깻잎', '레몬', '가지', '생강']"
432,"['양식', '채식', '일식']","['양배추', '오징어', '멸치', '토마토', '당근', '치즈']"
433,"['일식', '채식']","['대파', '무', '토마토', '감자', '딸기', '새우', '두부', '시금치', '애호박', '가지', '닭고기', '오이', '당근', '깻잎', '레몬', '양파', '오징어', '생강', '마늘', '고구마', '베이컨', '돼지고기', '멸치', '우유', '치즈', '쪽파']"
434,['한식'],"['우유', '두부', '파프리카', '멸치', '레몬', '당근', '양파', '딸기']"
435,"['양식', '채식', '일식']","['감자', '당근', '양배추', '새우', '오이', '토마토', '오징어', '딸기', '대파', '레몬', '고구마', '가지', '깻잎', '파프리카', '돼지고기']"
436,"['채식', '일식']","['양파', '무', '오이', '토마토']"
437,"['양식', '한식', '중식', '채식', '일식']","['고구마', '시금치', '가지', '양파', '쪽파', '깻잎', '오이', '당근', '닭고기', '두부', '오징어', '베이컨', '치즈', '돼지고기', '딸기', '생강', '감자', '달걀', '대파']"
438,"['중식', '채식']","['토마토', '멸치', '대파', '고구마', '당근']"
439,"['양식', '중식']","['당근', '레몬', '쇠고기', '새우', '무', '멸치', '토마토', '고구마', '두부', '양배추', '쪽파', '닭고기']"
440,['양식'],"['양배추', '애호박', '두부', '쪽파', '깻잎', '쇠고기', '치즈', '돼지고기', '양파', '멸치', '레몬', '오징어', '고구마']"
441,['일식'],"['오징어', '새우', '닭고기', '쪽파', '딸기', '우유', '오이', '마늘', '돼지고기', '파프리카', '토마토', '애호박', '당근', '양배추', '감자']"
442,['중식'],"['당근', '레몬', '시금치', '닭고기', '가지', '토마토', '돼지고기', '마늘', '생강', '파프리카', '양파', '무', '딸기', '양배추', '베이컨', '깻잎', '애호박', '달걀', '오이', '감자', '오징어', '새우']"
443,"['채식', '일식', '양식', '중식', '한식']","['무', '파프리카', '딸기', '멸치', '두부', '생강', '애호박', '대파', '당근', '오이', '달걀', '양배추', '깻잎', '돼지고기', '고구마', '시금치', '우유', '토마토', '치즈', '마늘', '베이컨', '레몬', '쇠고기', '양파']"
444,"['양식', '채식']","['시금치', '양파']"
445,['일식'],"['당근', '치즈', '가지', '새우', '닭고기', '감자', '쇠고기', '우유', '양파', '두부', '생강', '대파', '파프리카', '고구마', '레몬', '시금치', '돼지고기', '달걀', '토마토']"
446,"['일식', '양식']","['베이컨', '파프리카', '우유', '새우', '딸기']"
447,"['채식', '양식', '일식', '중식', '한식']","['가지', '오이', '감자', '양파', '깻잎', '대파', '토마토', '멸치', '고구마']"
448,"['중식', '한식', '채식', '일식']","['무', '당근']"
449,"['양식', '일식', '한식', '채식']","['레몬', '딸기', '양파', '달걀', '감자', '오징어', '양배추', '대파', '토마토', '쪽파', '당근', '애호박', '무', '돼지고기', '닭고기', '새우', '생강']"
450,"['채식', '양식', '한식']",['오이']
451,"['한식', '일식', '중식']","['가지', '깻잎', '달걀', '멸치', '닭고기', '딸기', '파프리카', '생강', '쪽파', '토마토', '두부', '감자', '오징어', '고구마', '시금치', '베이컨', '돼지고기']"
452,"['중식', '양식', '일식', '한식']","['가지', '시금치', '애호박', '닭고기', '오이', '오징어', '양배추', '치즈', '마늘', '고구마', '쇠고기', '감자', '토마토', '멸치', '생강', '달걀']"
453,"['양식', '중식', '일식', '채식', '한식']","['닭고기', '생강', '레몬', '당근', '달걀', '돼지고기', '오이', '시금치', '베이컨', '두부', '대파', '양배추', '고구마', '마늘', '토마토', '양파', '파프리카', '쇠고기', '쪽파', '새우', '감자', '멸치', '깻잎', '무', '애호박', '가지', '치즈', '딸기', '우유']"
454,"['일식', '중식', '채식', '양식']","['감자', '시금치', '닭고기', '당근', '고구마', '새우', '오징어', '무', '양배추', '치즈', '우유', '파프리카', '생강', '쪽파', '돼지고기', '양파', '깻잎', '두부', '베이컨', '쇠고기', '딸기', '오이', '마늘', '달걀', '애호박', '토마토']"
455,"['한식', '중식']","['고구마', '시금치', '새우', '딸기', '토마토', '깻잎', '쇠고기', '쪽파', '두부', '달걀', '당근', '멸치', '우유', '마늘', '오징어', '대파', '감자', '레몬', '베이컨', '치즈', '가지', '닭고기', '파프리카', '오이']"
456,"['채식', '일식']",['닭고기']
457,"['중식', '양식', '일식', '한식']","['당근', '멸치', '두부', '토마토', '치즈']"
458,"['한식', '채식']","['당근', '감자', '깻잎', '돼지고기', '대파', '딸기', '두부', '애호박', '닭고기', '멸치']"
459,"['채식', '일식', '한식', '양식']","['무', '오이', '레몬', '딸기', '마늘', '시금치', '고구마', '양파', '오징어', '닭고기', '쇠고기', '당근', '토마토', '달걀', '대파', '가지', '돼지고기', '쪽파', '새우', '양배추', '치즈', '멸치', '파프리카', '애호박', '우유', '베이컨', '깻잎']"
460,"['일식', '한식', '채식', '양식']","['레몬', '치즈', '두부', '대파', '파프리카', '양파', '생강', '깻잎', '멸치', '쇠고기']"
461,"['일식', '중식', '한식']","['레몬', '돼지고기', '오징어', '양배추', '우유', '딸기', '달걀', '시금치', '감자', '쪽파', '대파', '두부', '새우', '깻잎', '고구마', '베이컨', '애호박', '가지', '멸치', '치즈', '마늘', '생강', '무', '오이', '토마토', '양파', '쇠고기', '당근', '닭고기', '파프리카']"
462,['양식'],"['돼지고기', '쇠고기', '양파', '가지', '쪽파', '무', '치즈', '오이', '레몬', '베이컨', '감자', '오징어', '딸기', '파프리카', '우유', '생강', '양배추', '닭고기']"
463,['일식'],"['닭고기', '달걀', '대파', '두부', '멸치', '깻잎', '가지', '애호박', '감자', '양배추']"
464,"['일식', '중식']","['치즈', '고구마', '닭고기', '당근', '새우']"
465,['일식'],"['오이', '베이컨', '토마토', '돼지고기']"
466,"['양식', '채식']","['베이컨', '마늘', '치즈', '애호박', '딸기', '쪽파', '대파', '가지']"
467,"['일식', '한식', '채식', '중식']","['딸기', '고구마', '생강', '달걀', '마늘']"
468,['양식'],"['고구마', '깻잎', '양배추', '토마토', '무', '파프리카', '쪽파', '애호박', '치즈', '대파', '두부', '딸기', '베이컨', '우유', '새우', '돼지고기', '레몬', '당근', '달걀', '쇠고기', '멸치', '닭고기', '오징어', '마늘', '양파', '생강']"
469,"['중식', '양식']","['레몬', '딸기', '토마토', '감자', '생강', '새우', '고구마', '파프리카', '달걀', '두부', '가지', '깻잎', '쪽파', '애호박', '우유', '돼지고기', '당근', '쇠고기', '양파', '치즈', '닭고기', '멸치', '베이컨', '오징어', '양배추', '무', '대파', '마늘', '오이', '시금치']"
470,"['일식', '채식', '한식', '중식']","['새우', '레몬', '닭고기', '양파', '애호박', '대파', '무', '시금치', '쪽파', '감자', '두부', '오이', '가지']"
471,"['일식', '한식']","['토마토', '고구마', '오이', '마늘', '파프리카', '치즈', '쇠고기', '대파']"
472,"['채식', '중식', '일식']","['오이', '파프리카', '시금치', '달걀', '무', '대파', '깻잎', '마늘', '치즈', '양파', '우유', '토마토', '감자', '멸치', '닭고기']"
473,"['한식', '채식']","['당근', '시금치', '베이컨', '감자', '쇠고기', '대파', '레몬', '우유', '양배추', '생강', '딸기', '쪽파', '돼지고기', '새우', '치즈', '양파', '토마토', '마늘', '닭고기', '애호박', '두부', '고구마']"
474,"['한식', '중식', '일식']",['고구마']
475,"['한식', '중식']","['오징어', '애호박', '대파', '마늘', '깻잎', '딸기']"
476,"['채식', '한식', '일식', '중식', '양식']","['베이컨', '양배추', '닭고기', '양파', '토마토', '오징어', '가지', '멸치', '달걀', '당근', '새우', '대파', '돼지고기', '감자', '오이', '쪽파']"
477,"['한식', '채식', '일식']","['토마토', '파프리카', '생강']"
478,"['채식', '양식', '일식']","['양배추', '마늘', '레몬', '베이컨', '쪽파', '멸치', '애호박', '양파', '두부', '달걀', '딸기', '우유', '깻잎', '오징어']"
479,"['채식', '일식', '중식']","['우유', '토마토', '파프리카', '깻잎', '양배추', '양파', '쪽파', '오이', '생강', '시금치', '오징어', '감자', '가지', '대파', '고구마', '두부', '돼지고기', '당근', '무', '치즈']"
480,"['일식', '채식', '중식', '한식']","['쇠고기', '토마토', '시금치', '대파', '치즈', '베이컨', '달걀', '우유', '양배추', '양파', '가지', '마늘', '깻잎', '돼지고기', '닭고기', '딸기', '레몬', '오이']"
481,['중식'],"['양파', '파프리카', '치즈', '우유']"
482,['한식'],"['깻잎', '오징어', '가지', '대파', '파프리카', '멸치', '두부', '마늘', '시금치', '쇠고기', '우유', '레몬', '돼지고기', '새우', '양배추', '감자', '쪽파', '베이컨', '당근', '생강', '무', '애호박']"
483,"['채식', '양식', '중식']","['치즈', '당근', '양파', '고구마', '시금치', '쪽파', '오징어', '양배추', '무', '달걀', '닭고기', '딸기', '생강', '베이컨', '새우', '파프리카', '오이', '우유', '쇠고기', '레몬', '토마토']"
484,"['중식', '채식', '한식']","['고구마', '토마토', '애호박', '오징어', '돼지고기', '감자', '무', '파프리카', '시금치', '달걀', '오이', '딸기', '두부', '치즈', '당근', '마늘', '닭고기', '레몬', '쇠고기', '베이컨', '새우', '양파']"
485,['채식'],"['돼지고기', '시금치', '가지', '멸치', '무', '베이컨', '마늘', '오이', '우유', '레몬', '오징어', '토마토', '닭고기', '새우', '대파', '양배추', '두부', '달걀', '양파', '치즈', '쪽파', '생강', '당근', '감자']"
486,"['중식', '한식', '채식', '일식', '양식']","['오징어', '두부']"
487,"['양식', '한식', '채식', '일식']","['마늘', '우유', '감자', '오이', '오징어', '무', '쇠고기', '고구마', '깻잎', '애호박', '양파', '치즈']"
488,"['중식', '일식', '한식', '양식', '채식']","['오징어', '당근', '시금치', '두부', '마늘', '오이', '애호박', '베이컨', '생강', '양배추', '달걀', '파프리카', '새우', '양파', '깻잎', '쇠고기', '닭고기', '우유', '레몬', '돼지고기', '가지', '딸기', '감자']"
489,"['채식', '한식']","['멸치', '치즈', '가지', '애호박', '토마토', '깻잎', '파프리카', '오이', '딸기', '쪽파', '두부', '당근', '대파', '무', '오징어', '마늘', '베이컨', '양배추', '레몬', '시금치', '새우', '생강', '쇠고기', '닭고기', '달걀']"
490,"['일식', '중식']","['시금치', '돼지고기', '가지', '닭고기', '새우']"
491,"['중식', '채식', '한식', '일식', '양식']","['양파', '치즈', '무', '새우', '두부', '딸기', '돼지고기', '달걀', '레몬', '오징어', '우유', '파프리카', '애호박', '멸치', '당근', '쪽파']"
492,"['채식', '양식', '일식', '중식']","['당근', '무', '쇠고기', '돼지고기', '우유', '오징어', '시금치', '감자', '쪽파', '달걀']"
493,"['중식', '양식', '한식', '일식']","['무', '토마토', '당근', '딸기', '고구마', '감자', '돼지고기', '쪽파', '치즈']"
494,"['양식', '일식', '채식']","['레몬', '당근', '베이컨', '딸기', '쪽파', '우유', '닭고기', '깻잎', '오이', '애호박', '오징어', '대파', '파프리카', '무', '치즈', '가지']"
495,"['양식', '한식', '채식']","['마늘', '멸치', '대파']"
496,"['한식', '일식', '채식', '양식']","['파프리카', '고구마', '쇠고기', '베이컨', '생강', '대파', '가지', '양배추', '우유', '오이', '양파']"
497,['채식'],"['치즈', '쇠고기', '양파', '무', '생강', '오이', '레몬', '시금치', '딸기', '가지', '대파', '당근', '닭고기', '파프리카', '우유']"
498,"['양식', '중식', '채식']","['멸치', '가지', '감자', '토마토', '무', '양파', '베이컨', '우유', '양배추', '마늘', '새우', '두부', '딸기', '시금치']"
499,['일식'],"['쪽파', '우유', '애호박', '레몬', '가지', '마늘', '파프리카', '양파', '당근', '시금치', '깻잎', '달걀', '대파', '무', '쇠고기', '고구마', '양배추', '오징어', '딸기']"
500,"['일식', '중식', '채식', '한식', '양식']","['두부', '고구마', '레몬', '시금치', '돼지고기', '양파', '당근', '닭고기', '베이컨', '새우', '치즈', '쪽파', '대파', '애호박', '생강', '토마토']"
